{"type":"FeatureCollection","features":[{"type":"Feature","id":0,"properties":{"name":null,"levels":5,"height":21},"geometry":{"type":"Polygon","coordinates":[[[-76.49767,44.2280497],[-76.497695,44.2280479],[-76.4976944,44.2280417],[-76.4977196,44.2280402],[-76.4979825,44.2280238],[-76.4979839,44.2280351],[-76.4980055,44.2280338],[-76.4980473,44.2280312],[-76.4980459,44.2280202],[-76.4980865,44.2280177],[-76.4980878,44.2280286],[-76.4981382,44.2280255],[-76.4981419,44.2280563],[-76.4981573,44.2280553],[-76.4981611,44.2280862],[-76.4981451,44.2280871],[-76.4981495,44.2281236],[-76.4981334,44.2281246],[-76.4981353,44.22814],[-76.498137,44.228154],[-76.4981539,44.228153],[-76.4981644,44.2282389],[-76.4981996,44.2285284],[-76.4981427,44.228532],[-76.4981415,44.2285227],[-76.4981323,44.2285233],[-76.498123,44.2285239],[-76.4981241,44.228533],[-76.4977843,44.2285544],[-76.497783,44.2285435],[-76.4977314,44.2285468],[-76.497715,44.2284157],[-76.4976862,44.2281809],[-76.497667,44.2281821],[-76.497662,44.2281418],[-76.4976811,44.2281406],[-76.49767,44.2280497]]]}},{"type":"Feature","id":1,"properties":{"name":"Douglas Library","levels":4,"height":16.8},"geometry":{"type":"Polygon","coordinates":[[[-76.495215,44.22765],[-76.494864,44.227648],[-76.494866,44.227336],[-76.494839,44.227336],[-76.49484,44.227275],[-76.494805,44.227275],[-76.494805,44.227191],[-76.494838,44.227192],[-76.494838,44.227116],[-76.494976,44.227117],[-76.494977,44.227061],[-76.495055,44.227061],[-76.495056,44.227058],[-76.495161,44.227056],[-76.495219,44.227057],[-76.495219,44.227064],[-76.495229,44.227064],[-76.495228,44.227125],[-76.495219,44.227125],[-76.495217,44.227337],[-76.495224,44.227337],[-76.495223,44.227397],[-76.495216,44.227398],[-76.495215,44.227405],[-76.495205,44.227405],[-76.495204,44.227426],[-76.495204,44.227454],[-76.495217,44.227454],[-76.495215,44.22765]]]}},{"type":"Feature","id":2,"properties":{"name":"Stauffer Library","levels":3,"height":12.6},"geometry":{"type":"Polygon","coordinates":[[[-76.496021,44.228985],[-76.496021,44.228976],[-76.4959888,44.2289764],[-76.4959894,44.229005],[-76.4957523,44.2290083],[-76.4957521,44.228979],[-76.4957519,44.2289576],[-76.4957378,44.228958],[-76.4957363,44.2288887],[-76.4957508,44.2288893],[-76.4957497,44.2288389],[-76.4958833,44.2288364],[-76.495873,44.228266],[-76.4958508,44.228266],[-76.495828,44.228266],[-76.495805,44.228261],[-76.49578,44.228251],[-76.495762,44.228238],[-76.495748,44.228219],[-76.495739,44.228195],[-76.495743,44.228173],[-76.495752,44.228154],[-76.495769,44.228137],[-76.495794,44.228123],[-76.495821,44.228115],[-76.495849,44.228113],[-76.49588,44.228116],[-76.495912,44.228128],[-76.495933,44.228144],[-76.495945,44.228158],[-76.4959529,44.2281808],[-76.495968,44.228178],[-76.495964,44.228166],[-76.495982,44.228163],[-76.495986,44.228175],[-76.496018,44.228169],[-76.496014,44.228157],[-76.49603,44.228154],[-76.496034,44.228166],[-76.496064,44.228162],[-76.49606,44.228149],[-76.496076,44.228146],[-76.49608,44.228159],[-76.496113,44.228154],[-76.496109,44.228141],[-76.496126,44.228138],[-76.49613,44.228151],[-76.496163,44.228145],[-76.496159,44.228132],[-76.496176,44.22813],[-76.496179,44.228142],[-76.496209,44.228137],[-76.496205,44.228125],[-76.496221,44.228122],[-76.496225,44.228134],[-76.49624,44.2281319],[-76.496257,44.228128],[-76.496253,44.228116],[-76.496271,44.228113],[-76.496275,44.228125],[-76.496307,44.22812],[-76.496303,44.228107],[-76.496321,44.228105],[-76.496325,44.228117],[-76.496353,44.228112],[-76.496349,44.228099],[-76.496365,44.228096],[-76.49637,44.22811],[-76.496402,44.228104],[-76.496398,44.228091],[-76.496413,44.228089],[-76.496415,44.228089],[-76.496419,44.228101],[-76.496452,44.228095],[-76.496448,44.228083],[-76.496465,44.22808],[-76.496469,44.228092],[-76.496498,44.228087],[-76.496494,44.228075],[-76.49651,44.228072],[-76.496514,44.228085],[-76.496547,44.228079],[-76.496543,44.228066],[-76.49656,44.228063],[-76.496564,44.228076],[-76.496596,44.228071],[-76.496592,44.228058],[-76.49661,44.228055],[-76.4966174,44.2280772],[-76.496625,44.228101],[-76.496605,44.228105],[-76.496613,44.228127],[-76.49663,44.228124],[-76.496634,44.228137],[-76.496617,44.22814],[-76.496625,44.228164],[-76.496643,44.228161],[-76.496647,44.228171],[-76.496628,44.228174],[-76.496636,44.228199],[-76.49666,44.2282],[-76.49666,44.228206],[-76.496651,44.228206],[-76.496652,44.228285],[-76.496653,44.228312],[-76.496661,44.228312],[-76.496662,44.228319],[-76.49647,44.228352],[-76.496472,44.228509],[-76.496525,44.228508],[-76.496526,44.228538],[-76.496501,44.228538],[-76.496501,44.228561],[-76.496526,44.228561],[-76.496526,44.22859],[-76.496474,44.228591],[-76.496479,44.228815],[-76.49653,44.228815],[-76.496531,44.228844],[-76.496505,44.228845],[-76.496505,44.228869],[-76.496532,44.228869],[-76.496532,44.2289],[-76.496418,44.228901],[-76.496418,44.228894],[-76.496397,44.228895],[-76.496397,44.228899],[-76.496331,44.2289],[-76.49612,44.228902],[-76.49612,44.228897],[-76.4961,44.228898],[-76.496101,44.228918],[-76.496116,44.228918],[-76.4961176,44.2289725],[-76.496118,44.228985],[-76.496021,44.228985]]]}},{"type":"Feature","id":3,"properties":{"name":null,"levels":3,"height":12.6},"geometry":{"type":"Polygon","coordinates":[[[-76.4974067,44.2281528],[-76.4974073,44.2281581],[-76.4974224,44.2281572],[-76.4974273,44.2281967],[-76.4974126,44.2281976],[-76.4974414,44.2284329],[-76.497715,44.2284157],[-76.4977314,44.2285468],[-76.4974297,44.2285656],[-76.4974277,44.2285487],[-76.4974055,44.2285501],[-76.4973844,44.2285514],[-76.4973864,44.2285676],[-76.4970752,44.2285872],[-76.4970174,44.2285908],[-76.4970137,44.2285609],[-76.4970105,44.2285611],[-76.4970001,44.2284756],[-76.4969881,44.2284763],[-76.4969852,44.2284521],[-76.4969967,44.2284514],[-76.4969833,44.2283401],[-76.4969719,44.2283408],[-76.4969692,44.2283188],[-76.4969819,44.228318],[-76.496972,44.2282356],[-76.4969818,44.228235],[-76.4969807,44.2282257],[-76.4969759,44.2281858],[-76.4969652,44.2281865],[-76.4969628,44.228167],[-76.4969537,44.2281675],[-76.496939,44.2281503],[-76.4969496,44.2281331],[-76.4969578,44.2281326],[-76.4969544,44.2281045],[-76.496992,44.2281022],[-76.4969914,44.2280975],[-76.4970143,44.2280872],[-76.4970399,44.2280945],[-76.4970406,44.2280998],[-76.4970785,44.2280975],[-76.49708,44.2281095],[-76.4970902,44.2281121],[-76.4970926,44.2281074],[-76.4972969,44.2281598],[-76.4973354,44.2281574],[-76.4973325,44.228134],[-76.4973519,44.2281328],[-76.4973716,44.2281316],[-76.4973744,44.2281549],[-76.4974067,44.2281528]]]}},{"type":"Feature","id":4,"properties":{"name":"Robert Sutherland Hall","levels":4,"height":16.8},"geometry":{"type":"Polygon","coordinates":[[[-76.497144,44.227613],[-76.497139,44.227597],[-76.497105,44.227603],[-76.497089,44.227559],[-76.49712,44.227553],[-76.497103,44.227503],[-76.49737,44.227457],[-76.4973588,44.2274233],[-76.497343,44.227376],[-76.497319,44.22738],[-76.497274,44.227252],[-76.497249,44.227257],[-76.497202,44.227119],[-76.49717,44.227117],[-76.497163,44.227122],[-76.497145,44.227128],[-76.497125,44.227128],[-76.497118,44.227118],[-76.4970995,44.2271176],[-76.4971,44.227097],[-76.497227,44.227098],[-76.497227,44.227059],[-76.497318,44.227059],[-76.497379,44.227051],[-76.4973878,44.2270769],[-76.497425,44.227187],[-76.497473,44.227178],[-76.497516,44.227303],[-76.497538,44.227298],[-76.4975402,44.2273042],[-76.497612,44.227507],[-76.497553,44.227517],[-76.497511,44.2275],[-76.497503,44.227514],[-76.497511,44.227535],[-76.497482,44.227569],[-76.497433,44.227548],[-76.497438,44.22756],[-76.4974077,44.2275655],[-76.497144,44.227613]]]}},{"type":"Feature","id":5,"properties":{"name":"The Law Building","levels":4,"height":16.8},"geometry":{"type":"Polygon","coordinates":[[[-76.4970053,44.2271357],[-76.4969964,44.2275727],[-76.4970139,44.2275729],[-76.4970127,44.2276319],[-76.496989,44.2276317],[-76.4970148,44.2276927],[-76.4969647,44.2277036],[-76.4969344,44.2277034],[-76.4968891,44.227703],[-76.4968894,44.227685],[-76.4964239,44.2276814],[-76.4964256,44.2275685],[-76.4967499,44.227571],[-76.4967541,44.2272934],[-76.4967542,44.2272803],[-76.4967555,44.2271966],[-76.4967567,44.2271165],[-76.4967773,44.2271166],[-76.4968583,44.2271176],[-76.4970058,44.2271199],[-76.4970053,44.2271357]]]}},{"type":"Feature","id":6,"properties":{"name":"Richardson Hall","levels":3,"height":12.6},"geometry":{"type":"Polygon","coordinates":[[[-76.495971,44.226994],[-76.4958699,44.226994],[-76.495842,44.226994],[-76.495842,44.226905],[-76.495848,44.226906],[-76.495848,44.226859],[-76.495844,44.226854],[-76.495844,44.226834],[-76.49585,44.226828],[-76.49585,44.226782],[-76.495843,44.226782],[-76.495843,44.226693],[-76.495974,44.226694],[-76.495975,44.226701],[-76.496284,44.226701],[-76.4962842,44.2267468],[-76.4962844,44.2267748],[-76.4962845,44.2267832],[-76.496275,44.226783],[-76.496274,44.226908],[-76.496282,44.226908],[-76.49628,44.226994],[-76.495976,44.226992],[-76.495971,44.226992],[-76.495971,44.226994]]]}},{"type":"Feature","id":7,"properties":{"name":"Ontario Hall","levels":3,"height":12.6},"geometry":{"type":"Polygon","coordinates":[[[-76.4951361,44.226792],[-76.495017,44.226791],[-76.495017,44.226778],[-76.494927,44.226778],[-76.494928,44.226775],[-76.494826,44.226774],[-76.494825,44.226694],[-76.49481,44.226693],[-76.49481,44.226643],[-76.494829,44.226644],[-76.494829,44.226639],[-76.494925,44.226639],[-76.494926,44.226619],[-76.494925,44.226506],[-76.494814,44.226506],[-76.4948149,44.2264625],[-76.494815,44.226457],[-76.494826,44.226457],[-76.494827,44.226366],[-76.494901,44.226366],[-76.494904,44.226356],[-76.494915,44.226347],[-76.494931,44.226343],[-76.495098,44.226344],[-76.4950979,44.226367],[-76.495236,44.226367],[-76.4952362,44.2264624],[-76.4952558,44.2264624],[-76.4952557,44.226511],[-76.4952612,44.226511],[-76.4952608,44.2266519],[-76.4952559,44.2266519],[-76.4952558,44.2267012],[-76.4952357,44.2267011],[-76.495235,44.226781],[-76.495136,44.226781],[-76.4951361,44.226792]]]}},{"type":"Feature","id":8,"properties":{"name":"Ellis Hall","levels":3,"height":12.6},"geometry":{"type":"Polygon","coordinates":[[[-76.4965349,44.2265678],[-76.496251,44.2265656],[-76.4962519,44.2265067],[-76.4961485,44.2265059],[-76.496148,44.2265373],[-76.4959296,44.2265356],[-76.4959298,44.2265204],[-76.49593,44.226506],[-76.495847,44.226493],[-76.495849,44.226385],[-76.495934,44.226373],[-76.4959347,44.226326],[-76.4959375,44.2261264],[-76.4960933,44.2261275],[-76.4960928,44.2261629],[-76.4961029,44.2261629],[-76.4962611,44.2261641],[-76.4962618,44.2261349],[-76.4962621,44.2261053],[-76.4963012,44.2261055],[-76.4964358,44.2261066],[-76.496486,44.2261069],[-76.4965192,44.2261071],[-76.4965417,44.2261073],[-76.4965349,44.2265678]]]}},{"type":"Feature","id":9,"properties":{"name":"Jeffery Hall","levels":3,"height":12.6},"geometry":{"type":"Polygon","coordinates":[[[-76.4960395,44.2260816],[-76.4959616,44.2260815],[-76.4959617,44.2260508],[-76.4959617,44.2260268],[-76.4959568,44.2260268],[-76.4959568,44.2259986],[-76.4959528,44.2259986],[-76.4959528,44.2259842],[-76.4959529,44.225968],[-76.4959538,44.22586],[-76.4959538,44.225845],[-76.4959539,44.2258281],[-76.4959593,44.2258281],[-76.4959594,44.2258011],[-76.4959637,44.2258011],[-76.4959638,44.2257747],[-76.4959639,44.2257471],[-76.4960443,44.2257472],[-76.4960441,44.2258009],[-76.4962415,44.2258014],[-76.4962413,44.2258615],[-76.496241,44.2259691],[-76.4962405,44.2260287],[-76.4961037,44.2260281],[-76.4960396,44.226028],[-76.4960395,44.2260816]]]}},{"type":"Feature","id":10,"properties":{"name":"Chernoff Hall","levels":3,"height":12.6},"geometry":{"type":"Polygon","coordinates":[[[-76.4986101,44.2246831],[-76.4986081,44.2246781],[-76.4985781,44.2246821],[-76.4985731,44.2246511],[-76.4985601,44.2246521],[-76.4985621,44.2246631],[-76.4985191,44.2246671],[-76.4985031,44.2245871],[-76.4985471,44.2245831],[-76.4985491,44.2245921],[-76.4985611,44.2245911],[-76.4985551,44.2245591],[-76.4985601,44.2245581],[-76.4987871,44.2245361],[-76.4987795,44.2244968],[-76.4987761,44.2244791],[-76.4987711,44.2244791],[-76.4987591,44.2244221],[-76.4987681,44.2244211],[-76.4987651,44.2244081],[-76.4987581,44.2244091],[-76.4987531,44.2243921],[-76.4987611,44.2243911],[-76.4987541,44.2243491],[-76.4987461,44.2243501],[-76.4987421,44.2243321],[-76.4987491,44.2243311],[-76.4987421,44.2242901],[-76.4987351,44.2242911],[-76.4987321,44.2242741],[-76.4987391,44.2242731],[-76.4987311,44.2242301],[-76.4987231,44.2242301],[-76.4987201,44.2242131],[-76.4987281,44.2242121],[-76.4987191,44.2241671],[-76.4987121,44.2241681],[-76.4987091,44.2241501],[-76.4987161,44.2241501],[-76.4987081,44.2241081],[-76.4986913,44.2241097],[-76.4986746,44.2241114],[-76.4986708,44.2241213],[-76.4986644,44.2241363],[-76.4986495,44.2241581],[-76.4986005,44.224163],[-76.4985616,44.2241306],[-76.4985381,44.2240992],[-76.4985208,44.2240607],[-76.4985141,44.2240201],[-76.4985186,44.2239797],[-76.4985327,44.2239375],[-76.4985497,44.2239068],[-76.4986046,44.2238999],[-76.4986185,44.2239118],[-76.4986357,44.2239279],[-76.4986422,44.2239338],[-76.4986706,44.2239307],[-76.4986679,44.2239145],[-76.4986811,44.2239131],[-76.4986791,44.2238971],[-76.4986671,44.2238981],[-76.4986621,44.2238741],[-76.4986855,44.2238709],[-76.4986991,44.2238691],[-76.4986981,44.2238601],[-76.4987051,44.2238591],[-76.4987071,44.2238681],[-76.4987671,44.2238631],[-76.4988041,44.2238591],[-76.4988031,44.2238511],[-76.4989241,44.2238391],[-76.4989291,44.2238681],[-76.4989081,44.2238701],[-76.4989131,44.2238921],[-76.4989261,44.2238911],[-76.4989291,44.2239001],[-76.4990361,44.2244671],[-76.4990301,44.2244681],[-76.4990401,44.2245231],[-76.4991201,44.2245151],[-76.4991261,44.2245211],[-76.4991181,44.2245231],[-76.4991601,44.2245761],[-76.4990781,44.2246081],[-76.4989941,44.2246331],[-76.498936,44.2246465],[-76.4989071,44.2246531],[-76.4989051,44.2246491],[-76.4989021,44.2246491],[-76.4988521,44.2246541],[-76.4988531,44.2246601],[-76.4988391,44.2246611],[-76.4988381,44.2246561],[-76.4987761,44.2246631],[-76.4987771,44.2246671],[-76.4987611,44.2246681],[-76.4987611,44.2246641],[-76.4987031,44.2246691],[-76.4987051,44.2246741],[-76.4986901,44.2246761],[-76.4986881,44.2246701],[-76.4986261,44.2246761],[-76.4986271,44.2246821],[-76.4986101,44.2246831]]]}},{"type":"Feature","id":11,"properties":{"name":"Watts Hall","levels":6,"height":25.2},"geometry":{"type":"Polygon","coordinates":[[[-76.4992417,44.2244364],[-76.4992287,44.2243694],[-76.4991887,44.2243744],[-76.4991827,44.2243454],[-76.4991417,44.2243494],[-76.4991027,44.2241554],[-76.4992357,44.2241424],[-76.4992137,44.2240274],[-76.4992577,44.2240234],[-76.4992452,44.2239589],[-76.4992417,44.2239404],[-76.4992167,44.2239424],[-76.4992147,44.2239324],[-76.4990677,44.2239474],[-76.4990457,44.2238334],[-76.4992897,44.2238104],[-76.4992957,44.2238404],[-76.4993067,44.2238394],[-76.4993047,44.2238334],[-76.4993777,44.2238254],[-76.4994437,44.2241714],[-76.4994347,44.2241714],[-76.4994407,44.2242024],[-76.4994287,44.2242034],[-76.4994348,44.2242325],[-76.4994387,44.2242514],[-76.4994307,44.2242524],[-76.4994227,44.2242674],[-76.4994397,44.2242724],[-76.4993707,44.2243954],[-76.4993677,44.2243954],[-76.4993587,44.2244124],[-76.4993187,44.2244014],[-76.4993227,44.2244284],[-76.4992417,44.2244364]]]}},{"type":"Feature","id":12,"properties":{"name":"Chernoff Auditorium","levels":3,"height":12.6},"geometry":{"type":"Polygon","coordinates":[[[-76.4980958,44.2245617],[-76.49804,44.2245414],[-76.498066,44.2245339],[-76.498038,44.22441],[-76.498084,44.224384],[-76.4981318,44.2243819],[-76.4981233,44.2243387],[-76.4981098,44.2242697],[-76.4983078,44.2242543],[-76.4983502,44.2243239],[-76.4983712,44.2243908],[-76.498398,44.22451],[-76.4984116,44.2245854],[-76.4983656,44.2245902],[-76.4982605,44.2246011],[-76.4981752,44.22461],[-76.4981598,44.2245491],[-76.4981259,44.2245522],[-76.4980958,44.2245617]]]}},{"type":"Feature","id":13,"properties":{"name":"Chown Hall","levels":5,"height":21},"geometry":{"type":"Polygon","coordinates":[[[-76.4969293,44.2244158],[-76.4969203,44.2243738],[-76.4969343,44.2243708],[-76.4969143,44.2242638],[-76.4967643,44.2242788],[-76.4967673,44.2242898],[-76.4967053,44.2242968],[-76.4966917,44.2242264],[-76.4966723,44.2241268],[-76.4967313,44.2241218],[-76.4967343,44.2241338],[-76.4969253,44.2241148],[-76.4969203,44.2240918],[-76.4969643,44.2240878],[-76.4969713,44.2240788],[-76.4969793,44.2240778],[-76.4969933,44.2240768],[-76.4970033,44.2240828],[-76.4970453,44.2240788],[-76.4970503,44.2241008],[-76.4972423,44.2240808],[-76.4972403,44.2240698],[-76.4972993,44.2240638],[-76.4973333,44.2242338],[-76.4972723,44.2242398],[-76.4972713,44.2242268],[-76.4971173,44.2242428],[-76.4971393,44.2243508],[-76.4971553,44.2243488],[-76.4971633,44.2243928],[-76.4970524,44.2244037],[-76.4969293,44.2244158]]]}},{"type":"Feature","id":14,"properties":{"name":"Morris Hall","levels":4,"height":16.8},"geometry":{"type":"Polygon","coordinates":[[[-76.4998171,44.2233664],[-76.4998031,44.2232164],[-76.4997861,44.2232164],[-76.4997771,44.2231074],[-76.4997921,44.2231064],[-76.4997865,44.2230537],[-76.4997781,44.2229704],[-76.4997621,44.2229714],[-76.4997521,44.2228604],[-76.4997671,44.2228594],[-76.4997652,44.2228396],[-76.4997531,44.2227104],[-76.4998071,44.2227074],[-76.4998031,44.2226824],[-76.4998901,44.2226784],[-76.4998921,44.2227034],[-76.4999481,44.2227004],[-76.4999621,44.2228484],[-76.4999771,44.2228484],[-76.4999881,44.2229604],[-76.4999731,44.2229604],[-76.4999804,44.2230305],[-76.4999827,44.2230529],[-76.4999871,44.2230954],[-76.5000031,44.2230944],[-76.5000131,44.2232064],[-76.4999981,44.2232064],[-76.5000131,44.2233574],[-76.4998171,44.2233664]]]}},{"type":"Feature","id":15,"properties":{"name":"McLaughlin Hall","levels":3,"height":12.6},"geometry":{"type":"Polygon","coordinates":[[[-76.4954365,44.2240082],[-76.4954355,44.2239722],[-76.4951175,44.2239732],[-76.4951165,44.2238292],[-76.4952245,44.2238292],[-76.4952225,44.2234452],[-76.4954505,44.2234422],[-76.4954545,44.2238282],[-76.4955555,44.2238272],[-76.4955585,44.2238282],[-76.4955586,44.2238424],[-76.4955595,44.2239732],[-76.4955065,44.2239732],[-76.4955055,44.2240082],[-76.4954732,44.2240082],[-76.4954365,44.2240082]]]}},{"type":"Feature","id":16,"properties":{"name":"Watson Hall","levels":5,"height":21},"geometry":{"type":"Polygon","coordinates":[[[-76.497446,44.2257174],[-76.497445,44.2257144],[-76.497439,44.2257154],[-76.497426,44.2256694],[-76.497449,44.2256664],[-76.497443,44.2256424],[-76.497411,44.2256464],[-76.497412,44.2256494],[-76.497402,44.2256514],[-76.497128,44.2256884],[-76.497103,44.2256914],[-76.497101,44.2256874],[-76.497055,44.2256934],[-76.497044,44.2256474],[-76.497063,44.2256454],[-76.497059,44.2256294],[-76.497039,44.2256324],[-76.497028,44.2255884],[-76.497035,44.2255884],[-76.497035,44.2255864],[-76.497057,44.2255824],[-76.497378,44.2255384],[-76.49738,44.2255384],[-76.497382,44.2255424],[-76.497388,44.2255414],[-76.497389,44.2255484],[-76.497406,44.2255464],[-76.4974,44.2255254],[-76.497406,44.2255244],[-76.497406,44.2255224],[-76.497477,44.2255124],[-76.497479,44.2255154],[-76.497485,44.2255154],[-76.497499,44.2255724],[-76.497479,44.2255754],[-76.497483,44.2255924],[-76.497556,44.2255824],[-76.497524,44.2254634],[-76.49753,44.2254634],[-76.497523,44.2254384],[-76.49766,44.2254194],[-76.497664,44.2254334],[-76.497686,44.2254294],[-76.497683,44.2254154],[-76.497748,44.2254064],[-76.4977553,44.2254346],[-76.497814,44.2256614],[-76.497811,44.2256614],[-76.497812,44.2256664],[-76.497748,44.2256744],[-76.497744,44.2256584],[-76.497722,44.2256624],[-76.497726,44.2256774],[-76.497715,44.2256794],[-76.497716,44.2256814],[-76.497446,44.2257174]]]}},{"type":"Feature","id":17,"properties":{"name":"Harrison-LeCaine Hall","levels":2,"height":8.4},"geometry":{"type":"Polygon","coordinates":[[[-76.4969055,44.2254949],[-76.4969057,44.2254725],[-76.4968844,44.2254723],[-76.496826,44.225472],[-76.496808,44.225484],[-76.4967992,44.2254839],[-76.496783,44.225471],[-76.4967831,44.2254662],[-76.4967884,44.2254663],[-76.4967887,44.2254495],[-76.496738,44.225449],[-76.496731,44.225453],[-76.496718,44.225447],[-76.496722,44.225225],[-76.496732,44.225221],[-76.496741,44.225227],[-76.4967916,44.2252275],[-76.496792,44.225209],[-76.49676,44.2252087],[-76.4967606,44.2251727],[-76.4968602,44.2251737],[-76.4968605,44.2251589],[-76.4968707,44.2251589],[-76.4968711,44.2251316],[-76.4969313,44.2251322],[-76.4969311,44.2251436],[-76.4969306,44.2251739],[-76.4969039,44.2251736],[-76.4969037,44.2251827],[-76.4969799,44.2251834],[-76.4969795,44.2252029],[-76.496993,44.225203],[-76.4970076,44.2252156],[-76.497022,44.225228],[-76.4970207,44.2252482],[-76.497047,44.225249],[-76.497097,44.225284],[-76.497094,44.225341],[-76.497059,44.225364],[-76.497058,44.225422],[-76.497017,44.225451],[-76.4969821,44.2254508],[-76.4969816,44.2254954],[-76.4969055,44.2254949]]]}},{"type":"Feature","id":18,"properties":{"name":"Agnes Queen’s Art Gallery","levels":3,"height":12.6},"geometry":{"type":"Polygon","coordinates":[[[-76.496192,44.225595],[-76.496189,44.225525],[-76.4961589,44.2255286],[-76.4961609,44.2255479],[-76.4960626,44.2255531],[-76.4960651,44.2255767],[-76.4959621,44.2255822],[-76.4959589,44.2255511],[-76.4959094,44.2255537],[-76.4959054,44.2255146],[-76.4958911,44.2255153],[-76.4958853,44.2254585],[-76.4958991,44.2254578],[-76.4958952,44.22542],[-76.4959689,44.225416],[-76.4959697,44.2254238],[-76.496039,44.2254201],[-76.4960366,44.2253838],[-76.4960156,44.2253838],[-76.4960166,44.2253288],[-76.4960195,44.225168],[-76.4961383,44.2251695],[-76.4961346,44.2251371],[-76.4965048,44.2251153],[-76.4965273,44.2253123],[-76.4964869,44.2253147],[-76.496488,44.225333],[-76.496548,44.225332],[-76.496557,44.225589],[-76.496192,44.225595]]]}},{"type":"Feature","id":19,"properties":{"name":"Grant Hall","levels":3,"height":12.6},"geometry":{"type":"Polygon","coordinates":[[[-76.4952708,44.2258361],[-76.495271,44.226018],[-76.495284,44.2260179],[-76.4952845,44.2260444],[-76.495285,44.226074],[-76.495225,44.2260744],[-76.495225,44.226083],[-76.4951983,44.2260832],[-76.495198,44.2260748],[-76.495037,44.2260755],[-76.4950373,44.2260834],[-76.4950123,44.2260835],[-76.495012,44.2260759],[-76.494947,44.226076],[-76.494947,44.2260264],[-76.494947,44.226017],[-76.494961,44.226017],[-76.49496,44.225836],[-76.4952708,44.2258361]]]}},{"type":"Feature","id":20,"properties":{"name":"Nicol Hall","levels":3,"height":12.6},"geometry":{"type":"Polygon","coordinates":[[[-76.493839,44.227543],[-76.4937875,44.2275426],[-76.49372,44.227542],[-76.493719,44.227536],[-76.493628,44.227535],[-76.493628,44.227399],[-76.493657,44.227399],[-76.493659,44.227141],[-76.4937839,44.227142],[-76.493902,44.227143],[-76.4939,44.227399],[-76.493935,44.227401],[-76.493933,44.227536],[-76.49384,44.227535],[-76.493839,44.227543]]]}},{"type":"Feature","id":21,"properties":{"name":"Jackson Hall","levels":3,"height":12.6},"geometry":{"type":"Polygon","coordinates":[[[-76.492815,44.226668],[-76.492816,44.226499],[-76.493226,44.226497],[-76.4932271,44.2265919],[-76.493228,44.226665],[-76.492815,44.226668]]]}},{"type":"Feature","id":22,"properties":{"name":"Old Medical Building","levels":3,"height":12.6},"geometry":{"type":"Polygon","coordinates":[[[-76.4927588,44.2263921],[-76.4927556,44.2261944],[-76.4929628,44.2261927],[-76.4929635,44.2262309],[-76.4931206,44.2262296],[-76.4931214,44.2262775],[-76.4931568,44.2262772],[-76.4931575,44.2263224],[-76.4931196,44.2263227],[-76.4931201,44.2263534],[-76.4929645,44.2263547],[-76.4929651,44.2263904],[-76.4927588,44.2263921]]]}},{"type":"Feature","id":23,"properties":{"name":"Humphrey Hall","levels":3,"height":12.6},"geometry":{"type":"Polygon","coordinates":[[[-76.492133,44.227206],[-76.4921327,44.2271885],[-76.492132,44.227138],[-76.492093,44.227138],[-76.492093,44.227158],[-76.492009,44.227159],[-76.492008,44.227111],[-76.491986,44.227111],[-76.49198,44.226583],[-76.491913,44.226584],[-76.491913,44.2265606],[-76.491913,44.226536],[-76.4919497,44.2265354],[-76.4921353,44.2265341],[-76.492192,44.226533],[-76.492211,44.226549],[-76.492217,44.226554],[-76.492218,44.226573],[-76.492239,44.226574],[-76.492246,44.227204],[-76.492133,44.227206]]]}},{"type":"Feature","id":24,"properties":{"name":"Kathleen Ryan Hall","levels":3,"height":12.6},"geometry":{"type":"Polygon","coordinates":[[[-76.492298,44.226731],[-76.492298,44.226695],[-76.492262,44.226695],[-76.492259,44.226529],[-76.492362,44.226527],[-76.492361,44.226514],[-76.492504,44.226513],[-76.492504,44.226528],[-76.492608,44.226527],[-76.492611,44.226693],[-76.492577,44.226694],[-76.492578,44.226729],[-76.492298,44.226731]]]}},{"type":"Feature","id":25,"properties":{"name":"Louise D. Acton Building","levels":3,"height":12.6},"geometry":{"type":"Polygon","coordinates":[[[-76.491435,44.224102],[-76.491388,44.223955],[-76.491374,44.223957],[-76.491352,44.22389],[-76.491393,44.223882],[-76.4913906,44.2238744],[-76.49137,44.223809],[-76.491352,44.223813],[-76.49127,44.223557],[-76.491397,44.2235363],[-76.4914082,44.2235344],[-76.491542,44.223512],[-76.491623,44.223767],[-76.491561,44.223777],[-76.491571,44.223803],[-76.491619,44.223796],[-76.4916244,44.2238113],[-76.49163,44.223827],[-76.491579,44.223836],[-76.491584,44.223853],[-76.491694,44.223835],[-76.491762,44.224049],[-76.4915309,44.2240865],[-76.4915373,44.2241066],[-76.4914586,44.2241195],[-76.4914557,44.2241104],[-76.4914521,44.2240992],[-76.491435,44.224102]]]}},{"type":"Feature","id":26,"properties":{"name":"Cancer Research Institute","levels":4,"height":16.8},"geometry":{"type":"Polygon","coordinates":[[[-76.4909853,44.2238122],[-76.4911063,44.2237947],[-76.4911011,44.2237761],[-76.4912702,44.2237516],[-76.4913865,44.2241651],[-76.491221,44.224189],[-76.4912795,44.224397],[-76.4912604,44.2243997],[-76.4912691,44.2244308],[-76.4912882,44.2244281],[-76.4912912,44.2244389],[-76.4911997,44.2244521],[-76.4911961,44.2244395],[-76.4911718,44.224443],[-76.4911418,44.2243361],[-76.4910812,44.2241204],[-76.4910722,44.2241217],[-76.4909853,44.2238122]]]}},{"type":"Feature","id":27,"properties":{"name":"Clark Hall","levels":3,"height":12.6},"geometry":{"type":"Polygon","coordinates":[[[-76.4937677,44.2268579],[-76.4937657,44.2268259],[-76.4936147,44.2268299],[-76.4936037,44.2266389],[-76.493717,44.2266355],[-76.4937367,44.2266349],[-76.4937357,44.2266069],[-76.4939357,44.2266019],[-76.4939497,44.2268529],[-76.4937677,44.2268579]]]}},{"type":"Feature","id":28,"properties":{"name":"Carruthers Hall","levels":3,"height":12.6},"geometry":{"type":"Polygon","coordinates":[[[-76.49372,44.226479],[-76.49372,44.22646],[-76.493586,44.226465],[-76.493582,44.226404],[-76.493554,44.226405],[-76.493552,44.226374],[-76.493579,44.226373],[-76.493573,44.226262],[-76.493636,44.22626],[-76.493634,44.226236],[-76.4936952,44.2262345],[-76.493755,44.226233],[-76.493756,44.226261],[-76.493815,44.226259],[-76.493826,44.226446],[-76.493836,44.226446],[-76.493838,44.226477],[-76.49372,44.226479]]]}},{"type":"Feature","id":29,"properties":{"name":"Cataraqui Building","levels":2,"height":8.4},"geometry":{"type":"Polygon","coordinates":[[[-76.490825,44.225706],[-76.490822,44.225666],[-76.490806,44.225667],[-76.490799,44.225583],[-76.490817,44.225582],[-76.4908153,44.225567],[-76.490813,44.225546],[-76.490797,44.225547],[-76.49079,44.225463],[-76.490805,44.225462],[-76.490801,44.225421],[-76.491053,44.22541],[-76.491056,44.225451],[-76.491074,44.22545],[-76.4910824,44.2255568],[-76.49109,44.225654],[-76.491074,44.225656],[-76.491077,44.225695],[-76.490825,44.225706]]]}},{"type":"Feature","id":30,"properties":{"name":"Abramsky Hall","levels":3,"height":12.6},"geometry":{"type":"Polygon","coordinates":[[[-76.491256,44.225686],[-76.49124,44.225526],[-76.49137,44.225518],[-76.491366,44.22548],[-76.491545,44.22547],[-76.491552,44.225532],[-76.491562,44.225532],[-76.491563,44.225538],[-76.4915685,44.2255914],[-76.491571,44.225616],[-76.491557,44.225617],[-76.491563,44.225674],[-76.491384,44.225685],[-76.49138,44.225644],[-76.491318,44.225648],[-76.491321,44.225685],[-76.4912865,44.2256855],[-76.491256,44.225686]]]}},{"type":"Feature","id":31,"properties":{"name":"Dupuis Hall","levels":3,"height":12.6},"geometry":{"type":"Polygon","coordinates":[[[-76.4928218,44.2283741],[-76.4929012,44.228379],[-76.4928902,44.228474],[-76.4928807,44.2285539],[-76.492841,44.2285514],[-76.4928386,44.2285719],[-76.4928607,44.2285733],[-76.4928339,44.2287985],[-76.4925348,44.2287802],[-76.4925356,44.2287732],[-76.4925041,44.2287713],[-76.4925033,44.2287786],[-76.4922592,44.2287642],[-76.4922606,44.2287519],[-76.4922202,44.2287495],[-76.4922308,44.2286561],[-76.4922711,44.2286584],[-76.4922725,44.2286458],[-76.4925456,44.2286615],[-76.4925497,44.2286252],[-76.4925092,44.2286233],[-76.4924692,44.2286247],[-76.4923129,44.2286357],[-76.492309,44.2286072],[-76.4924615,44.2285964],[-76.4925006,44.2285946],[-76.4925087,44.2285254],[-76.4922199,44.228508],[-76.492227,44.2284484],[-76.4922048,44.228447],[-76.4922102,44.2284014],[-76.4922326,44.2284027],[-76.4922372,44.228364],[-76.4922403,44.2283384],[-76.4928218,44.2283741]]]}},{"type":"Feature","id":32,"properties":{"name":"Goodwin Hall","levels":3,"height":12.6},"geometry":{"type":"Polygon","coordinates":[[[-76.4920895,44.2280163],[-76.4919997,44.2280106],[-76.4920077,44.2279484],[-76.4920108,44.2279243],[-76.4920148,44.2279246],[-76.492026,44.227838],[-76.4920396,44.2278389],[-76.4920437,44.227807],[-76.492099,44.2278107],[-76.4921527,44.2278142],[-76.4921471,44.2278573],[-76.4921771,44.2278807],[-76.4921787,44.2278674],[-76.4926511,44.2278966],[-76.4926443,44.2279529],[-76.492677,44.2279549],[-76.4926712,44.2280014],[-76.4926381,44.2279992],[-76.4926296,44.2280668],[-76.4920876,44.2280321],[-76.4920895,44.2280163]]]}},{"type":"Feature","id":33,"properties":{"name":"Walter Light Hall","levels":3,"height":12.6},"geometry":{"type":"Polygon","coordinates":[[[-76.4918235,44.228219],[-76.4916786,44.2282102],[-76.4916638,44.2281759],[-76.4916166,44.228173],[-76.4916291,44.2280672],[-76.491438,44.2280556],[-76.4914448,44.2279975],[-76.4914097,44.2279954],[-76.4914272,44.2278473],[-76.4914655,44.2278497],[-76.4914679,44.2278294],[-76.4914886,44.2278307],[-76.4914912,44.2278094],[-76.4917441,44.2278247],[-76.4917416,44.2278463],[-76.4917572,44.2278472],[-76.4917591,44.2278317],[-76.491811,44.2278349],[-76.4918885,44.2278395],[-76.4918842,44.2278763],[-76.4919275,44.2278789],[-76.4919229,44.2279188],[-76.4920108,44.2279243],[-76.4920077,44.2279484],[-76.4919202,44.2279432],[-76.4918914,44.2281907],[-76.4918442,44.2281879],[-76.4918235,44.228219]]]}},{"type":"Feature","id":34,"properties":{"name":"Stirling Hall","levels":3,"height":12.6},"geometry":{"type":"Polygon","coordinates":[[[-76.4980958,44.2245617],[-76.4981206,44.2246179],[-76.4981177,44.2246431],[-76.4981232,44.2246852],[-76.4981166,44.2247262],[-76.498126,44.224733],[-76.498132,44.224736],[-76.498119,44.224767],[-76.498094,44.224794],[-76.4980644,44.224782],[-76.498015,44.224762],[-76.498007,44.224772],[-76.497965,44.224806],[-76.497927,44.224829],[-76.497877,44.22485],[-76.497824,44.224864],[-76.497769,44.224871],[-76.497711,44.224871],[-76.497656,44.224865],[-76.497602,44.22485],[-76.497554,44.224829],[-76.49751,44.224802],[-76.497474,44.224771],[-76.4974458,44.2247851],[-76.4974,44.224808],[-76.497374,44.224777],[-76.497361,44.224752],[-76.497323,44.224762],[-76.49731,44.224735],[-76.497296,44.224688],[-76.497291,44.22464],[-76.497297,44.224592],[-76.497312,44.224546],[-76.497331,44.224511],[-76.497363,44.224469],[-76.497403,44.224431],[-76.497451,44.224397],[-76.497506,44.22437],[-76.497565,44.224348],[-76.4976113,44.2243348],[-76.4976425,44.224331],[-76.4976323,44.2242946],[-76.4977052,44.224286],[-76.4977756,44.2242879],[-76.4978903,44.2243067],[-76.4978737,44.2243422],[-76.4978372,44.2244208],[-76.497868,44.224435],[-76.497918,44.224456],[-76.497968,44.224486],[-76.498003,44.224514],[-76.498017,44.224533],[-76.49804,44.2245414],[-76.4980958,44.2245617]]]}},{"type":"Feature","id":35,"properties":{"name":"Harkness Hall","levels":3,"height":12.6},"geometry":{"type":"Polygon","coordinates":[[[-76.497552,44.230261],[-76.497552,44.230252],[-76.497506,44.230254],[-76.497497,44.230122],[-76.4975,44.230122],[-76.497499,44.230102],[-76.497472,44.230103],[-76.497464,44.229983],[-76.497481,44.229983],[-76.497479,44.229958],[-76.497632,44.229952],[-76.497662,44.229952],[-76.497662,44.229961],[-76.497691,44.22996],[-76.49769,44.229955],[-76.497859,44.229949],[-76.49786,44.229959],[-76.497894,44.229958],[-76.497902,44.23009],[-76.497852,44.230093],[-76.497853,44.230113],[-76.497795,44.230116],[-76.497794,44.230096],[-76.49778,44.230096],[-76.497776,44.230049],[-76.49776,44.230049],[-76.49776,44.230056],[-76.497702,44.230059],[-76.497702,44.230034],[-76.497672,44.230035],[-76.497672,44.230039],[-76.497603,44.230041],[-76.497603,44.230051],[-76.497613,44.230051],[-76.497616,44.230096],[-76.497608,44.230096],[-76.497609,44.230116],[-76.497637,44.230115],[-76.49764,44.230159],[-76.497632,44.23016],[-76.497633,44.23017],[-76.497701,44.230168],[-76.497702,44.230176],[-76.497732,44.230175],[-76.497734,44.230218],[-76.497703,44.23022],[-76.497705,44.230257],[-76.497552,44.230261]]]}},{"type":"Feature","id":36,"properties":{"name":"LaSalle Building","levels":3,"height":12.6},"geometry":{"type":"Polygon","coordinates":[[[-76.4959432,44.2238879],[-76.4959432,44.2238769],[-76.4958852,44.2238809],[-76.4958772,44.2238019],[-76.4958632,44.2238029],[-76.4958607,44.2237791],[-76.4958582,44.2237559],[-76.4958762,44.2237549],[-76.4958692,44.2236799],[-76.4958512,44.2236809],[-76.4958472,44.2236359],[-76.4958642,44.2236359],[-76.4958572,44.2235579],[-76.4959132,44.2235539],[-76.4959132,44.2235439],[-76.4959732,44.2235409],[-76.4959752,44.2235529],[-76.4960272,44.2235499],[-76.4960262,44.2235389],[-76.4960682,44.2235359],[-76.4960872,44.2235359],[-76.4960882,44.2235469],[-76.4961452,44.2235429],[-76.4961522,44.2236209],[-76.4961672,44.2236199],[-76.4961722,44.2236669],[-76.4961552,44.2236669],[-76.4961642,44.2237419],[-76.4961772,44.2237419],[-76.4961822,44.2237849],[-76.4961662,44.2237859],[-76.4961732,44.2238649],[-76.4961182,44.2238689],[-76.4961192,44.2238789],[-76.4960612,44.2238819],[-76.4960542,44.2238819],[-76.4960532,44.2238719],[-76.4960234,44.2238738],[-76.4960072,44.2238749],[-76.4960082,44.2238849],[-76.4959432,44.2238879]]]}},{"type":"Feature","id":37,"properties":{"name":"Theological Hall","levels":3,"height":12.6},"geometry":{"type":"Polygon","coordinates":[[[-76.4931906,44.2258659],[-76.4931896,44.2256289],[-76.4932076,44.2256299],[-76.4932076,44.2255489],[-76.4933126,44.2255479],[-76.4933126,44.2255579],[-76.4933666,44.2255589],[-76.4934226,44.2255579],[-76.4934236,44.2255509],[-76.4934589,44.2255509],[-76.4934966,44.2255509],[-76.4934966,44.2255579],[-76.4936116,44.2255569],[-76.4936126,44.2255459],[-76.4937166,44.2255469],[-76.4937166,44.2255559],[-76.4937586,44.2255559],[-76.4937846,44.2255619],[-76.4938247,44.2255774],[-76.4938456,44.2255949],[-76.4938646,44.2256189],[-76.4938766,44.2256449],[-76.4938776,44.2256719],[-76.4938686,44.2256999],[-76.4938506,44.2257229],[-76.4938226,44.2257429],[-76.4937906,44.2257579],[-76.4937536,44.2257669],[-76.4937176,44.2257659],[-76.4937176,44.2257799],[-76.4936126,44.2257799],[-76.4936126,44.2257359],[-76.4935766,44.2257369],[-76.4935756,44.2256999],[-76.4934986,44.2256999],[-76.4934996,44.2257049],[-76.4934206,44.2257049],[-76.4934206,44.2257279],[-76.4933916,44.2257269],[-76.4933926,44.2258649],[-76.4931906,44.2258659]]]}},{"type":"Feature","id":38,"properties":{"name":"Central Heating Plant - Queen's University & KGH","levels":3,"height":12.6},"geometry":{"type":"Polygon","coordinates":[[[-76.4937006,44.2228379],[-76.4936976,44.2227239],[-76.4936906,44.2227239],[-76.4936906,44.2227189],[-76.4936566,44.2227189],[-76.4936566,44.2227019],[-76.4936746,44.2227019],[-76.4936703,44.2224877],[-76.4936916,44.222484],[-76.4941934,44.2224714],[-76.4941935,44.2224781],[-76.4942602,44.2224775],[-76.4944037,44.2225],[-76.4944209,44.2224916],[-76.494441,44.2224878],[-76.4944617,44.2224891],[-76.4945086,44.2224749],[-76.4946116,44.2224739],[-76.4946186,44.2227379],[-76.4945166,44.2227389],[-76.4945116,44.2225629],[-76.4944905,44.222561],[-76.4944747,44.2225697],[-76.4944557,44.2225743],[-76.4944358,44.2225742],[-76.4944169,44.2225695],[-76.4944012,44.2225607],[-76.4943903,44.2225487],[-76.4942365,44.2225272],[-76.4941959,44.2225287],[-76.4942026,44.2227059],[-76.4942686,44.2227039],[-76.4942726,44.2228289],[-76.4937006,44.2228379]]]}},{"type":"Feature","id":39,"properties":{"name":"Winston Churchill Public School","levels":3,"height":12.6},"geometry":{"type":"Polygon","coordinates":[[[-76.503349,44.229526],[-76.503342,44.229432],[-76.503372,44.22943],[-76.50336,44.229251],[-76.503374,44.229251],[-76.503368,44.229159],[-76.503345,44.22916],[-76.503339,44.229058],[-76.503476,44.229054],[-76.503471,44.228984],[-76.503539,44.228981],[-76.503547,44.229064],[-76.503551,44.22911],[-76.50351,44.229112],[-76.503513,44.229147],[-76.503564,44.229145],[-76.503564,44.229139],[-76.503592,44.229138],[-76.504355,44.229111],[-76.504353,44.229083],[-76.50444,44.22908],[-76.504438,44.22902],[-76.504551,44.229016],[-76.504564,44.229211],[-76.504579,44.22921],[-76.504591,44.229388],[-76.504623,44.229387],[-76.50463,44.229483],[-76.504431,44.22949],[-76.504413,44.22922],[-76.504286,44.229224],[-76.504297,44.229389],[-76.504237,44.229391],[-76.504237,44.229405],[-76.504193,44.229406],[-76.504195,44.229425],[-76.503843,44.229438],[-76.503782,44.229439],[-76.50378,44.229421],[-76.503734,44.229423],[-76.503734,44.229409],[-76.503665,44.229411],[-76.503654,44.229245],[-76.503563,44.229248],[-76.503526,44.229249],[-76.503544,44.229519],[-76.503349,44.229526]]]}},{"type":"Feature","id":40,"properties":{"name":"Kingston Water Treatment Plant","levels":3,"height":12.6},"geometry":{"type":"Polygon","coordinates":[[[-76.502109,44.221615],[-76.502057,44.221188],[-76.50271,44.221147],[-76.502713,44.221173],[-76.502673,44.221176],[-76.502678,44.221207],[-76.502759,44.221198],[-76.502768,44.221247],[-76.502824,44.221244],[-76.502846,44.221421],[-76.502929,44.221415],[-76.502928,44.221397],[-76.502961,44.221393],[-76.502965,44.221412],[-76.503072,44.221405],[-76.50309,44.221551],[-76.502867,44.221565],[-76.502871,44.221603],[-76.502815,44.221607],[-76.5028092,44.2216073],[-76.5027435,44.2216112],[-76.502729,44.221612],[-76.502724,44.221576],[-76.502109,44.221615]]]}},{"type":"Feature","id":41,"properties":{"name":"Kingston Hall","levels":3,"height":12.6},"geometry":{"type":"Polygon","coordinates":[[[-76.49496,44.225836],[-76.494936,44.225836],[-76.494935,44.22576],[-76.494657,44.225761],[-76.494658,44.225818],[-76.494477,44.225818],[-76.494477,44.225674],[-76.494485,44.225674],[-76.494484,44.22564],[-76.494497,44.225628],[-76.494516,44.225628],[-76.494516,44.225536],[-76.494655,44.225535],[-76.494655,44.225554],[-76.4948284,44.2255535],[-76.49499,44.225553],[-76.49499,44.225535],[-76.495131,44.225535],[-76.495131,44.225672],[-76.495156,44.225672],[-76.495178,44.225689],[-76.495178,44.225739],[-76.495159,44.225749],[-76.495147,44.225749],[-76.495147,44.22576],[-76.4952007,44.225759],[-76.495201,44.2257442],[-76.4952829,44.2257451],[-76.4952817,44.225807],[-76.495271,44.2258069],[-76.4952708,44.2258361],[-76.49496,44.225836]]]}},{"type":"Feature","id":42,"properties":{"name":"Grey House","levels":2,"height":8.4},"geometry":{"type":"Polygon","coordinates":[[[-76.497632,44.225304],[-76.497629,44.225282],[-76.497614,44.225283],[-76.497601,44.225173],[-76.497637,44.225171],[-76.497636,44.225159],[-76.497686,44.225157],[-76.497687,44.225168],[-76.49774,44.225165],[-76.497741,44.225173],[-76.497766,44.225172],[-76.497776,44.225246],[-76.497768,44.225246],[-76.497771,44.225273],[-76.497705,44.225276],[-76.497708,44.2253],[-76.497632,44.225304]]]}},{"type":"Feature","id":43,"properties":{"name":null,"levels":3,"height":12.6},"geometry":{"type":"Polygon","coordinates":[[[-76.503953,44.227403],[-76.503951,44.22737],[-76.503945,44.227371],[-76.503936,44.227245],[-76.504074,44.22724],[-76.504083,44.227367],[-76.504075,44.227367],[-76.504078,44.227398],[-76.503953,44.227403]]]}},{"type":"Feature","id":44,"properties":{"name":null,"levels":3,"height":12.6},"geometry":{"type":"Polygon","coordinates":[[[-76.503575,44.227601],[-76.503569,44.227499],[-76.503672,44.227496],[-76.503672,44.227487],[-76.503769,44.227484],[-76.503775,44.227581],[-76.503727,44.227583],[-76.503728,44.227597],[-76.503575,44.227601]]]}},{"type":"Feature","id":45,"properties":{"name":null,"levels":3,"height":12.6},"geometry":{"type":"Polygon","coordinates":[[[-76.503934,44.227645],[-76.503866,44.227551],[-76.503948,44.22752],[-76.503966,44.227546],[-76.504071,44.227542],[-76.50407,44.227527],[-76.504147,44.227523],[-76.504155,44.227634],[-76.503971,44.22764],[-76.503971,44.227644],[-76.503934,44.227645]]]}},{"type":"Feature","id":46,"properties":{"name":null,"levels":3,"height":12.6},"geometry":{"type":"Polygon","coordinates":[[[-76.503293,44.227628],[-76.503291,44.227567],[-76.503334,44.227566],[-76.503332,44.227538],[-76.503368,44.227537],[-76.503367,44.22751],[-76.503552,44.227506],[-76.503558,44.227622],[-76.503293,44.227628]]]}},{"type":"Feature","id":47,"properties":{"name":null,"levels":3,"height":12.6},"geometry":{"type":"Polygon","coordinates":[[[-76.503179,44.227312],[-76.503169,44.227117],[-76.503271,44.227114],[-76.503284,44.227127],[-76.503284,44.227148],[-76.503276,44.227151],[-76.503276,44.227163],[-76.503294,44.227164],[-76.503294,44.227189],[-76.503282,44.227189],[-76.503283,44.227231],[-76.503296,44.227231],[-76.503296,44.2273],[-76.503281,44.227299],[-76.50328,44.227311],[-76.503179,44.227312]]]}},{"type":"Feature","id":48,"properties":{"name":null,"levels":3,"height":12.6},"geometry":{"type":"Polygon","coordinates":[[[-76.503938,44.227208],[-76.503937,44.227191],[-76.503925,44.227191],[-76.503917,44.227075],[-76.503899,44.227075],[-76.503896,44.227022],[-76.504057,44.227017],[-76.50407,44.227203],[-76.503938,44.227208]]]}},{"type":"Feature","id":49,"properties":{"name":null,"levels":3,"height":12.6},"geometry":{"type":"Polygon","coordinates":[[[-76.50351,44.227348],[-76.503509,44.227312],[-76.503473,44.227312],[-76.503471,44.227224],[-76.503495,44.227204],[-76.503674,44.227198],[-76.503704,44.227217],[-76.503706,44.227274],[-76.503744,44.227273],[-76.503745,44.227326],[-76.503679,44.227327],[-76.503679,44.227346],[-76.50351,44.227348]]]}},{"type":"Feature","id":50,"properties":{"name":null,"levels":3,"height":12.6},"geometry":{"type":"Polygon","coordinates":[[[-76.503853,44.226996],[-76.503852,44.226983],[-76.503824,44.226984],[-76.503822,44.226957],[-76.503788,44.226958],[-76.503782,44.22688],[-76.504001,44.226871],[-76.504009,44.22699],[-76.503853,44.226996]]]}},{"type":"Feature","id":51,"properties":{"name":null,"levels":3,"height":12.6},"geometry":{"type":"Polygon","coordinates":[[[-76.503204,44.227057],[-76.503196,44.226921],[-76.503359,44.226917],[-76.503364,44.227008],[-76.503324,44.22701],[-76.503326,44.227053],[-76.503204,44.227057]]]}},{"type":"Feature","id":52,"properties":{"name":null,"levels":3,"height":12.6},"geometry":{"type":"Polygon","coordinates":[[[-76.503806,44.226854],[-76.503798,44.22673],[-76.503893,44.226727],[-76.503893,44.22673],[-76.503985,44.226725],[-76.503988,44.22677],[-76.504012,44.22678],[-76.504015,44.226821],[-76.503992,44.226834],[-76.503989,44.226848],[-76.503806,44.226854]]]}},{"type":"Feature","id":53,"properties":{"name":null,"levels":3,"height":12.6},"geometry":{"type":"Polygon","coordinates":[[[-76.503814,44.226582],[-76.503781,44.226524],[-76.503793,44.226521],[-76.503773,44.226485],[-76.503832,44.226468],[-76.503834,44.22647],[-76.50386,44.22646],[-76.503865,44.226466],[-76.503917,44.226447],[-76.503917,44.226446],[-76.503975,44.226431],[-76.504003,44.226489],[-76.503993,44.226491],[-76.504009,44.226524],[-76.503814,44.226582]]]}},{"type":"Feature","id":54,"properties":{"name":null,"levels":3,"height":12.6},"geometry":{"type":"Polygon","coordinates":[[[-76.503215,44.226891],[-76.503211,44.226769],[-76.50335,44.226767],[-76.503354,44.226888],[-76.503215,44.226891]]]}},{"type":"Feature","id":55,"properties":{"name":null,"levels":3,"height":12.6},"geometry":{"type":"Polygon","coordinates":[[[-76.503788,44.226718],[-76.503785,44.226649],[-76.503849,44.226647],[-76.503847,44.2266],[-76.503987,44.226596],[-76.503992,44.226713],[-76.503788,44.226718]]]}},{"type":"Feature","id":56,"properties":{"name":null,"levels":3,"height":12.6},"geometry":{"type":"Polygon","coordinates":[[[-76.503152,44.226746],[-76.503147,44.226677],[-76.503197,44.226675],[-76.503196,44.226665],[-76.503246,44.226663],[-76.503245,44.226654],[-76.503275,44.226653],[-76.503274,44.226645],[-76.503308,44.226644],[-76.503307,44.226631],[-76.50337,44.226629],[-76.503377,44.226737],[-76.503152,44.226746]]]}},{"type":"Feature","id":57,"properties":{"name":null,"levels":3,"height":12.6},"geometry":{"type":"Polygon","coordinates":[[[-76.490192,44.2289],[-76.490116,44.228825],[-76.490148,44.228808],[-76.490068,44.228728],[-76.489977,44.228775],[-76.489869,44.228667],[-76.490065,44.228564],[-76.490168,44.228667],[-76.490208,44.228647],[-76.490294,44.228734],[-76.490331,44.228715],[-76.490404,44.228787],[-76.490324,44.228829],[-76.490328,44.228833],[-76.490318,44.228839],[-76.490331,44.228852],[-76.490292,44.228872],[-76.490279,44.228859],[-76.490272,44.228863],[-76.490269,44.228859],[-76.490192,44.2289]]]}},{"type":"Feature","id":58,"properties":{"name":null,"levels":3,"height":12.6},"geometry":{"type":"Polygon","coordinates":[[[-76.490385,44.228624],[-76.490267,44.228507],[-76.490169,44.228557],[-76.4901098,44.2284995],[-76.490088,44.228477],[-76.490186,44.228427],[-76.490172,44.228411],[-76.490419,44.2282847],[-76.490434,44.228277],[-76.490494,44.228337],[-76.490521,44.228322],[-76.490614,44.228415],[-76.490585,44.228429],[-76.490645,44.22849],[-76.490385,44.228624]]]}},{"type":"Feature","id":59,"properties":{"name":null,"levels":3,"height":12.6},"geometry":{"type":"Polygon","coordinates":[[[-76.500982,44.227307],[-76.500974,44.227185],[-76.501118,44.22718],[-76.501116,44.227145],[-76.501242,44.22714],[-76.501246,44.22714],[-76.501257,44.227298],[-76.500982,44.227307]]]}},{"type":"Feature","id":60,"properties":{"name":"Botterell Hall","levels":9,"height":37.8},"geometry":{"type":"Polygon","coordinates":[[[-76.4913644,44.2246789],[-76.4913373,44.2245822],[-76.4913229,44.2245842],[-76.4913135,44.2245503],[-76.4913193,44.2245494],[-76.491318,44.2245448],[-76.4912048,44.2245611],[-76.4911718,44.224443],[-76.4911961,44.2244395],[-76.4911997,44.2244521],[-76.4912912,44.2244389],[-76.4912882,44.2244281],[-76.4912691,44.2244308],[-76.4912604,44.2243997],[-76.4912795,44.224397],[-76.491221,44.224189],[-76.4913865,44.2241651],[-76.49141,44.2241619],[-76.4917474,44.2241132],[-76.4917668,44.224182],[-76.4918057,44.2243205],[-76.4918245,44.2243178],[-76.4918334,44.2243495],[-76.4918139,44.2243523],[-76.4918248,44.2243906],[-76.4918512,44.2243868],[-76.4918656,44.2244383],[-76.4918329,44.224443],[-76.4918422,44.2244761],[-76.4918897,44.2244695],[-76.4919,44.2245037],[-76.4918516,44.2245105],[-76.4918781,44.2246051],[-76.4913644,44.2246789]]]}},{"type":"Feature","id":61,"properties":{"name":"University Club","levels":3,"height":12.6},"geometry":{"type":"Polygon","coordinates":[[[-76.4965574,44.2236268],[-76.4965524,44.2236158],[-76.4965224,44.2236238],[-76.4964014,44.2233438],[-76.4964374,44.2233358],[-76.4964214,44.2232968],[-76.4965039,44.2232783],[-76.4965284,44.2232728],[-76.4965334,44.2232678],[-76.4965494,44.2232618],[-76.4965644,44.2232618],[-76.4965834,44.2232688],[-76.4966024,44.2232648],[-76.4966394,44.2233508],[-76.4966334,44.2233518],[-76.4966954,44.2234978],[-76.4967404,44.2235998],[-76.4966854,44.2236108],[-76.4966794,44.2235998],[-76.4965574,44.2236268]]]}},{"type":"Feature","id":62,"properties":{"name":"Sydenham Street United Church","levels":3,"height":12.6},"geometry":{"type":"Polygon","coordinates":[[[-76.488661,44.230153],[-76.48833,44.230105],[-76.488345,44.230052],[-76.488243,44.230037],[-76.488246,44.230032],[-76.488202,44.230025],[-76.4882,44.230028],[-76.488181,44.230036],[-76.488159,44.230033],[-76.488149,44.23002],[-76.488177,44.229924],[-76.48812,44.229916],[-76.488133,44.22987],[-76.488194,44.22988],[-76.488211,44.22982],[-76.48822,44.229822],[-76.488224,44.229811],[-76.488211,44.229799],[-76.488218,44.229781],[-76.488234,44.229772],[-76.488259,44.229775],[-76.48827,44.229792],[-76.488317,44.2298],[-76.48832,44.229789],[-76.488405,44.229801],[-76.48843,44.229805],[-76.488428,44.229814],[-76.488531,44.229828],[-76.488529,44.229837],[-76.488617,44.229849],[-76.488605,44.22989],[-76.488635,44.229922],[-76.488623,44.229963],[-76.488681,44.229971],[-76.488704,44.229997],[-76.488661,44.230153]]]}},{"type":"Feature","id":63,"properties":{"name":null,"levels":3,"height":12.6},"geometry":{"type":"Polygon","coordinates":[[[-76.4929849,44.2243534],[-76.4929512,44.224228],[-76.4929262,44.2241345],[-76.4928551,44.2241442],[-76.49288,44.224237],[-76.4928009,44.2242479],[-76.4927758,44.2241544],[-76.4927793,44.2241539],[-76.4927691,44.2241161],[-76.492783,44.2241142],[-76.4927849,44.224121],[-76.4928418,44.2241132],[-76.4928296,44.2240678],[-76.4929614,44.2240497],[-76.4929823,44.2241284],[-76.493041,44.2241203],[-76.4930712,44.2242329],[-76.4930164,44.2242405],[-76.4930445,44.2243452],[-76.493022,44.2243483],[-76.4929849,44.2243534]]]}},{"type":"Feature","id":64,"properties":{"name":"Etherington Hall","levels":3,"height":12.6},"geometry":{"type":"Polygon","coordinates":[[[-76.493855,44.2243901],[-76.4938143,44.2242404],[-76.493796,44.2241732],[-76.4937824,44.2241245],[-76.493726,44.2239169],[-76.493739,44.2239151],[-76.493702,44.2237791],[-76.493824,44.2237621],[-76.493848,44.2238501],[-76.49387,44.2238471],[-76.4939378,44.2240944],[-76.493947,44.2241281],[-76.494001,44.2241201],[-76.494013,44.2241641],[-76.494024,44.2241621],[-76.494078,44.2243591],[-76.4939669,44.2243745],[-76.493855,44.2243901]]]}},{"type":"Feature","id":65,"properties":{"name":"Richardson House","levels":3,"height":12.6},"geometry":{"type":"Polygon","coordinates":[[[-76.4946613,44.2242091],[-76.4946423,44.2242011],[-76.4946193,44.2242041],[-76.4945993,44.2241131],[-76.4946653,44.2241061],[-76.4946593,44.2240841],[-76.4946953,44.2240801],[-76.4946903,44.2240591],[-76.4947553,44.2240521],[-76.4947673,44.2240371],[-76.4947973,44.2240331],[-76.4948203,44.2240451],[-76.4948273,44.2240761],[-76.4948563,44.2240901],[-76.4948603,44.2241131],[-76.4948763,44.2241821],[-76.4947953,44.2241911],[-76.4947963,44.2242011],[-76.4947343,44.2242091],[-76.4947313,44.2242001],[-76.4946613,44.2242091]]]}},{"type":"Feature","id":66,"properties":{"name":"Kidd House","levels":3,"height":12.6},"geometry":{"type":"Polygon","coordinates":[[[-76.4942518,44.2242753],[-76.4942198,44.2241523],[-76.4942808,44.2241443],[-76.4942798,44.2241413],[-76.4943318,44.2241343],[-76.4943248,44.2241043],[-76.4944108,44.2240923],[-76.4944368,44.2241933],[-76.4944138,44.2241953],[-76.4944288,44.2242523],[-76.4943728,44.2242593],[-76.4943728,44.2242643],[-76.4943108,44.2242733],[-76.4943088,44.2242683],[-76.4942518,44.2242753]]]}},{"type":"Feature","id":67,"properties":{"name":"Physical Plant Services Shed","levels":3,"height":12.6},"geometry":{"type":"Polygon","coordinates":[[[-76.4973892,44.2242117],[-76.4973772,44.2241397],[-76.4975352,44.2241267],[-76.4975462,44.2241987],[-76.4973892,44.2242117]]]}},{"type":"Feature","id":68,"properties":{"name":"Queen's School of Medicine","levels":4,"height":16.8},"geometry":{"type":"Polygon","coordinates":[[[-76.491177,44.225557],[-76.491174,44.225531],[-76.491081,44.225536],[-76.491073,44.225381],[-76.4909378,44.225386],[-76.4909228,44.2252251],[-76.490921,44.2252119],[-76.490919,44.225199],[-76.4909537,44.2251965],[-76.490956,44.225225],[-76.491223,44.225212],[-76.491198,44.224946],[-76.491503,44.224905],[-76.4915441,44.2254577],[-76.491545,44.22547],[-76.491366,44.22548],[-76.49137,44.225518],[-76.49124,44.225526],[-76.491228,44.225526],[-76.491231,44.225554],[-76.4912042,44.2255555],[-76.491177,44.225557]]]}},{"type":"Feature","id":69,"properties":{"name":"Kinesiology Building","levels":4,"height":16.8},"geometry":{"type":"Polygon","coordinates":[[[-76.493544,44.228858],[-76.493177,44.228838],[-76.493182,44.228794],[-76.493167,44.228793],[-76.4931684,44.2287801],[-76.493206,44.228426],[-76.493555,44.228447],[-76.493525,44.228727],[-76.493558,44.228729],[-76.493544,44.228858]]]}},{"type":"Feature","id":70,"properties":{"name":null,"levels":3,"height":12.6},"geometry":{"type":"Polygon","coordinates":[[[-76.493898,44.229998],[-76.493852,44.229995],[-76.493859,44.229932],[-76.493854,44.229932],[-76.493865,44.229835],[-76.493962,44.229841],[-76.49395,44.229938],[-76.493905,44.229935],[-76.493898,44.229998]]]}},{"type":"Feature","id":71,"properties":{"name":"Kingston Substation No. 9","levels":3,"height":12.6},"geometry":{"type":"Polygon","coordinates":[[[-76.4934133,44.2292646],[-76.493376,44.2292622],[-76.4933561,44.2292609],[-76.4932044,44.2292513],[-76.4932192,44.2291313],[-76.4932392,44.2291326],[-76.4932486,44.2290561],[-76.4933498,44.2290625],[-76.4933402,44.2291406],[-76.4934279,44.2291462],[-76.4934133,44.2292646]]]}},{"type":"Feature","id":72,"properties":{"name":null,"levels":3,"height":12.6},"geometry":{"type":"Polygon","coordinates":[[[-76.4961,44.230077],[-76.496097,44.229964],[-76.496207,44.229964],[-76.49621,44.230075],[-76.4961,44.230077]]]}},{"type":"Feature","id":73,"properties":{"name":null,"levels":3,"height":12.6},"geometry":{"type":"Polygon","coordinates":[[[-76.496725,44.230043],[-76.496724,44.230025],[-76.496584,44.230031],[-76.496575,44.229938],[-76.496665,44.229934],[-76.496666,44.22994],[-76.496718,44.229937],[-76.496718,44.229935],[-76.496836,44.22993],[-76.496847,44.230037],[-76.496725,44.230043]]]}},{"type":"Feature","id":74,"properties":{"name":null,"levels":3,"height":12.6},"geometry":{"type":"Polygon","coordinates":[[[-76.49574,44.229306],[-76.495739,44.229261],[-76.49572,44.229262],[-76.495718,44.229233],[-76.495709,44.229233],[-76.495707,44.229171],[-76.49583,44.229168],[-76.495832,44.229187],[-76.495888,44.229187],[-76.495889,44.229188],[-76.495906,44.229188],[-76.495907,44.229234],[-76.495999,44.229233],[-76.495999,44.229266],[-76.495967,44.229267],[-76.495967,44.229286],[-76.495915,44.229286],[-76.495915,44.229303],[-76.495886,44.229304],[-76.495886,44.229287],[-76.495867,44.229288],[-76.495868,44.229304],[-76.49574,44.229306]]]}},{"type":"Feature","id":75,"properties":{"name":null,"levels":3,"height":12.6},"geometry":{"type":"Polygon","coordinates":[[[-76.49587,44.229504],[-76.49587,44.229491],[-76.49578,44.229495],[-76.495778,44.229478],[-76.495758,44.229478],[-76.495741,44.22946],[-76.49574,44.229442],[-76.495758,44.229431],[-76.495758,44.229423],[-76.495772,44.229422],[-76.495772,44.22942],[-76.495769,44.22942],[-76.495767,44.229391],[-76.495746,44.229392],[-76.495743,44.229356],[-76.495759,44.229355],[-76.495757,44.229327],[-76.495769,44.229326],[-76.495768,44.229318],[-76.495882,44.229313],[-76.495883,44.229331],[-76.495947,44.229331],[-76.495995,44.229328],[-76.496,44.229404],[-76.495888,44.229408],[-76.49589,44.229448],[-76.495934,44.229446],[-76.495934,44.229438],[-76.496005,44.229435],[-76.496009,44.229489],[-76.495955,44.229492],[-76.495955,44.229501],[-76.49587,44.229504]]]}},{"type":"Feature","id":76,"properties":{"name":null,"levels":3,"height":12.6},"geometry":{"type":"Polygon","coordinates":[[[-76.495765,44.229706],[-76.495763,44.22961],[-76.495865,44.229607],[-76.495898,44.229607],[-76.495899,44.229637],[-76.495964,44.229635],[-76.495965,44.229674],[-76.495901,44.229674],[-76.495902,44.229704],[-76.495765,44.229706]]]}},{"type":"Feature","id":77,"properties":{"name":null,"levels":3,"height":12.6},"geometry":{"type":"Polygon","coordinates":[[[-76.495767,44.229788],[-76.495767,44.229779],[-76.495754,44.229772],[-76.495754,44.229756],[-76.495767,44.229748],[-76.4957666,44.2297378],[-76.495766,44.229722],[-76.495986,44.229715],[-76.49599,44.229781],[-76.4959502,44.2297822],[-76.495767,44.229788]]]}},{"type":"Feature","id":78,"properties":{"name":null,"levels":3,"height":12.6},"geometry":{"type":"Polygon","coordinates":[[[-76.496157,44.229738],[-76.496152,44.229668],[-76.496197,44.229667],[-76.496197,44.229642],[-76.496273,44.229639],[-76.496279,44.229733],[-76.496157,44.229738]]]}},{"type":"Feature","id":79,"properties":{"name":null,"levels":3,"height":12.6},"geometry":{"type":"Polygon","coordinates":[[[-76.496586,44.229354],[-76.496577,44.229223],[-76.496736,44.229217],[-76.496738,44.229244],[-76.496719,44.229245],[-76.496724,44.229319],[-76.496743,44.229319],[-76.496745,44.229348],[-76.496586,44.229354]]]}},{"type":"Feature","id":80,"properties":{"name":null,"levels":3,"height":12.6},"geometry":{"type":"Polygon","coordinates":[[[-76.496612,44.229185],[-76.496602,44.229031],[-76.49659,44.229032],[-76.496588,44.229002],[-76.49668,44.228999],[-76.496682,44.229019],[-76.496712,44.229017],[-76.496714,44.229042],[-76.49674,44.229041],[-76.496742,44.229074],[-76.496717,44.229075],[-76.496719,44.22909],[-76.496744,44.229089],[-76.496746,44.229128],[-76.496722,44.229129],[-76.496724,44.22915],[-76.496744,44.229149],[-76.496749,44.22918],[-76.496612,44.229185]]]}},{"type":"Feature","id":81,"properties":{"name":null,"levels":3,"height":12.6},"geometry":{"type":"Polygon","coordinates":[[[-76.495748,44.229146],[-76.495748,44.229142],[-76.495731,44.229142],[-76.49573,44.229112],[-76.495745,44.229112],[-76.495745,44.229067],[-76.495943,44.229065],[-76.495945,44.229144],[-76.495748,44.229146]]]}},{"type":"Feature","id":82,"properties":{"name":null,"levels":3,"height":12.6},"geometry":{"type":"Polygon","coordinates":[[[-76.496497,44.229471],[-76.496493,44.229402],[-76.496752,44.229396],[-76.496755,44.229464],[-76.496497,44.229471]]]}},{"type":"Feature","id":83,"properties":{"name":"Annandale","levels":3,"height":12.6},"geometry":{"type":"Polygon","coordinates":[[[-76.487793,44.229496],[-76.487729,44.229486],[-76.487735,44.229461],[-76.487583,44.229439],[-76.487577,44.229466],[-76.487517,44.229458],[-76.48751,44.229456],[-76.487517,44.229431],[-76.487367,44.229409],[-76.487359,44.229437],[-76.48729,44.229427],[-76.487297,44.2294],[-76.487137,44.229377],[-76.487176,44.229239],[-76.487337,44.229263],[-76.487345,44.229236],[-76.487412,44.229246],[-76.487405,44.229271],[-76.487555,44.229294],[-76.487563,44.229266],[-76.487629,44.229276],[-76.487628,44.229279],[-76.487674,44.229307],[-76.487772,44.229321],[-76.48778,44.229293],[-76.487843,44.229303],[-76.487821,44.229378],[-76.48785,44.229383],[-76.4878436,44.229402],[-76.48784,44.229419],[-76.487816,44.229415],[-76.487793,44.229496]]]}},{"type":"Feature","id":84,"properties":{"name":"St. Mark's Evangelical Lutheran Church","levels":3,"height":12.6},"geometry":{"type":"Polygon","coordinates":[[[-76.502413,44.229519],[-76.502411,44.229503],[-76.502215,44.22951],[-76.502214,44.229504],[-76.502171,44.229498],[-76.502165,44.229407],[-76.502384,44.229401],[-76.50238,44.229352],[-76.502444,44.22935],[-76.50245,44.229445],[-76.502479,44.229445],[-76.502482,44.229488],[-76.502454,44.229488],[-76.502456,44.229517],[-76.502413,44.229519]]]}},{"type":"Feature","id":85,"properties":{"name":"The Grad Club","levels":3,"height":12.6},"geometry":{"type":"Polygon","coordinates":[[[-76.491212,44.227886],[-76.491013,44.227876],[-76.491029,44.22771],[-76.491171,44.227717],[-76.491167,44.22775],[-76.491298,44.227756],[-76.491291,44.227825],[-76.491263,44.227824],[-76.49126,44.227856],[-76.491215,44.227854],[-76.491212,44.227886]]]}},{"type":"Feature","id":86,"properties":{"name":null,"levels":3,"height":12.6},"geometry":{"type":"Polygon","coordinates":[[[-76.489846,44.228307],[-76.489792,44.228211],[-76.489814,44.228205],[-76.489791,44.228166],[-76.489954,44.228118],[-76.490023,44.228239],[-76.489876,44.228282],[-76.489876,44.228298],[-76.489846,44.228307]]]}},{"type":"Feature","id":87,"properties":{"name":null,"levels":3,"height":12.6},"geometry":{"type":"Polygon","coordinates":[[[-76.491034,44.22854],[-76.4910333,44.2285088],[-76.4910329,44.2284914],[-76.491032,44.228454],[-76.491013,44.228455],[-76.491012,44.228405],[-76.491021,44.228405],[-76.491018,44.228291],[-76.491,44.228291],[-76.490999,44.228262],[-76.491008,44.228262],[-76.491008,44.228253],[-76.491123,44.228251],[-76.491124,44.228269],[-76.491189,44.228269],[-76.491189,44.228273],[-76.491232,44.228272],[-76.491234,44.228312],[-76.491128,44.228313],[-76.491129,44.228348],[-76.491231,44.228346],[-76.491233,44.228425],[-76.491142,44.228426],[-76.491143,44.228437],[-76.491134,44.228437],[-76.491134,44.228452],[-76.491197,44.228451],[-76.491197,44.228458],[-76.491237,44.228458],[-76.491238,44.228485],[-76.491214,44.228485],[-76.491215,44.22852],[-76.491174,44.228521],[-76.491174,44.228515],[-76.491137,44.228516],[-76.491138,44.228538],[-76.491034,44.22854]]]}},{"type":"Feature","id":88,"properties":{"name":"St. James' Anglican Church","levels":3,"height":12.6},"geometry":{"type":"Polygon","coordinates":[[[-76.49157,44.227487],[-76.491568,44.227471],[-76.491469,44.227476],[-76.491452,44.227287],[-76.491407,44.22729],[-76.49141,44.227315],[-76.49138,44.227316],[-76.491378,44.227297],[-76.491359,44.227298],[-76.491364,44.227347],[-76.491302,44.227398],[-76.491206,44.227403],[-76.491131,44.227356],[-76.491122,44.227257],[-76.491243,44.22725],[-76.491233,44.227139],[-76.491392,44.227132],[-76.491392,44.227139],[-76.491528,44.227132],[-76.491532,44.227173],[-76.491598,44.227169],[-76.4916,44.227195],[-76.491625,44.227192],[-76.491626,44.2272],[-76.491676,44.227198],[-76.491681,44.227249],[-76.491701,44.227248],[-76.491722,44.22747],[-76.491667,44.227473],[-76.491667,44.227468],[-76.491628,44.22747],[-76.49163,44.227484],[-76.49157,44.227487]]]}},{"type":"Feature","id":89,"properties":{"name":null,"levels":3,"height":12.6},"geometry":{"type":"Polygon","coordinates":[[[-76.490999,44.227508],[-76.490997,44.22749],[-76.49096,44.227492],[-76.490958,44.227454],[-76.490952,44.227455],[-76.49095,44.227438],[-76.490949,44.227419],[-76.490956,44.227418],[-76.490952,44.227381],[-76.490971,44.227381],[-76.490971,44.227375],[-76.491098,44.227369],[-76.491098,44.227372],[-76.491142,44.227372],[-76.49115,44.227485],[-76.491078,44.227488],[-76.491079,44.227504],[-76.490999,44.227508]]]}},{"type":"Feature","id":90,"properties":{"name":null,"levels":2,"height":8.4},"geometry":{"type":"Polygon","coordinates":[[[-76.49098,44.22715],[-76.490973,44.227055],[-76.491053,44.227051],[-76.491053,44.227047],[-76.491168,44.227042],[-76.491171,44.227071],[-76.491207,44.22707],[-76.491211,44.22711],[-76.491173,44.227113],[-76.491175,44.227143],[-76.491121,44.227145],[-76.49098,44.22715]]]}},{"type":"Feature","id":91,"properties":{"name":null,"levels":2,"height":8.4},"geometry":{"type":"Polygon","coordinates":[[[-76.49105,44.227031],[-76.49105,44.227026],[-76.49097,44.22703],[-76.49096,44.226935],[-76.491153,44.226924],[-76.491157,44.226952],[-76.491166,44.227021],[-76.491166,44.227024],[-76.49105,44.227031]]]}},{"type":"Feature","id":92,"properties":{"name":null,"levels":3,"height":12.6},"geometry":{"type":"Polygon","coordinates":[[[-76.502342,44.230009],[-76.502333,44.229933],[-76.502502,44.229924],[-76.502504,44.229933],[-76.502527,44.229932],[-76.502534,44.229993],[-76.502509,44.229995],[-76.50251,44.23],[-76.502499,44.230001],[-76.502342,44.230009]]]}},{"type":"Feature","id":93,"properties":{"name":null,"levels":3,"height":12.6},"geometry":{"type":"Polygon","coordinates":[[[-76.501708,44.229873],[-76.501704,44.229795],[-76.501713,44.229795],[-76.501712,44.22978],[-76.501776,44.229777],[-76.501778,44.229792],[-76.501808,44.22979],[-76.501813,44.22987],[-76.501708,44.229873]]]}},{"type":"Feature","id":94,"properties":{"name":null,"levels":3,"height":12.6},"geometry":{"type":"Polygon","coordinates":[[[-76.502307,44.229873],[-76.502305,44.22986],[-76.502264,44.229862],[-76.502258,44.229777],[-76.502269,44.229776],[-76.502268,44.229757],[-76.502346,44.229755],[-76.502348,44.229773],[-76.502362,44.229772],[-76.502368,44.229856],[-76.502348,44.229856],[-76.502348,44.229872],[-76.502307,44.229873]]]}},{"type":"Feature","id":95,"properties":{"name":null,"levels":3,"height":12.6},"geometry":{"type":"Polygon","coordinates":[[[-76.502437,44.229879],[-76.502437,44.229855],[-76.502409,44.229855],[-76.502406,44.229772],[-76.502412,44.229772],[-76.502412,44.229755],[-76.502499,44.229753],[-76.502501,44.229768],[-76.502509,44.229767],[-76.502514,44.229851],[-76.502512,44.229851],[-76.502512,44.229878],[-76.502437,44.229879]]]}},{"type":"Feature","id":96,"properties":{"name":null,"levels":3,"height":12.6},"geometry":{"type":"Polygon","coordinates":[[[-76.501958,44.229864],[-76.501953,44.229787],[-76.501965,44.229786],[-76.501965,44.229769],[-76.502029,44.229768],[-76.502029,44.229782],[-76.502059,44.229781],[-76.502064,44.229861],[-76.501958,44.229864]]]}},{"type":"Feature","id":97,"properties":{"name":null,"levels":3,"height":12.6},"geometry":{"type":"Polygon","coordinates":[[[-76.502129,44.229865],[-76.502123,44.229781],[-76.50213,44.229781],[-76.50213,44.229766],[-76.502216,44.229763],[-76.502217,44.229779],[-76.502228,44.229779],[-76.502234,44.229862],[-76.502129,44.229865]]]}},{"type":"Feature","id":98,"properties":{"name":null,"levels":3,"height":12.6},"geometry":{"type":"Polygon","coordinates":[[[-76.501825,44.229921],[-76.501821,44.229868],[-76.501847,44.229867],[-76.501843,44.229793],[-76.501853,44.229793],[-76.501851,44.229775],[-76.501889,44.229772],[-76.501915,44.229772],[-76.501916,44.229786],[-76.501945,44.229785],[-76.501951,44.229864],[-76.501867,44.229867],[-76.501871,44.229919],[-76.501825,44.229921]]]}},{"type":"Feature","id":99,"properties":{"name":null,"levels":3,"height":12.6},"geometry":{"type":"Polygon","coordinates":[[[-76.501054,44.229955],[-76.501044,44.229816],[-76.501136,44.229812],[-76.501146,44.229951],[-76.501054,44.229955]]]}},{"type":"Feature","id":100,"properties":{"name":null,"levels":3,"height":12.6},"geometry":{"type":"Polygon","coordinates":[[[-76.500601,44.229946],[-76.500599,44.229932],[-76.500529,44.229935],[-76.500521,44.229827],[-76.500629,44.229823],[-76.500638,44.229944],[-76.500601,44.229946]]]}},{"type":"Feature","id":101,"properties":{"name":null,"levels":3,"height":12.6},"geometry":{"type":"Polygon","coordinates":[[[-76.501307,44.229903],[-76.501301,44.229823],[-76.50139,44.229821],[-76.501391,44.229835],[-76.501437,44.229833],[-76.501441,44.229898],[-76.501307,44.229903]]]}},{"type":"Feature","id":102,"properties":{"name":null,"levels":3,"height":12.6},"geometry":{"type":"Polygon","coordinates":[[[-76.500821,44.230008],[-76.500819,44.229979],[-76.500774,44.229981],[-76.500763,44.229825],[-76.500831,44.229822],[-76.500851,44.229822],[-76.500851,44.229837],[-76.500858,44.229837],[-76.500868,44.229979],[-76.500862,44.229979],[-76.500864,44.230006],[-76.500821,44.230008]]]}},{"type":"Feature","id":103,"properties":{"name":null,"levels":3,"height":12.6},"geometry":{"type":"Polygon","coordinates":[[[-76.500937,44.229954],[-76.500935,44.229928],[-76.5009,44.229929],[-76.500892,44.229822],[-76.500971,44.22982],[-76.500974,44.229833],[-76.500981,44.229833],[-76.500987,44.229926],[-76.500982,44.229926],[-76.500984,44.229953],[-76.500937,44.229954]]]}},{"type":"Feature","id":104,"properties":{"name":"Summerhill","levels":3,"height":12.6},"geometry":{"type":"Polygon","coordinates":[[[-76.4922015,44.2261713],[-76.4922005,44.2260981],[-76.4921349,44.2260986],[-76.492134,44.2260345],[-76.4921068,44.2260347],[-76.4921062,44.2259858],[-76.4921373,44.2259856],[-76.4921375,44.2260015],[-76.4922247,44.2260004],[-76.4922465,44.2260009],[-76.4923235,44.2260004],[-76.4923229,44.2259451],[-76.4923344,44.225945],[-76.4923343,44.2259325],[-76.4923493,44.2259135],[-76.4923723,44.2258995],[-76.4923993,44.2258925],[-76.4923991,44.2258854],[-76.4924094,44.2258852],[-76.4924091,44.225877],[-76.4924089,44.2258676],[-76.4924914,44.2258664],[-76.4924916,44.2258748],[-76.4924919,44.2258847],[-76.4925021,44.2258846],[-76.4925023,44.2258905],[-76.4925297,44.2258961],[-76.4925523,44.2259102],[-76.4925645,44.2259305],[-76.4925649,44.2259445],[-76.4925757,44.2259444],[-76.4925772,44.2260031],[-76.4927173,44.2260013],[-76.4927781,44.2260005],[-76.4927778,44.2259873],[-76.4927998,44.225987],[-76.4928007,44.2260299],[-76.4927702,44.2260303],[-76.4927726,44.2261455],[-76.4926565,44.2261467],[-76.4926554,44.2260888],[-76.4925665,44.2260896],[-76.4925659,44.2260541],[-76.4924886,44.2260548],[-76.4924894,44.2261004],[-76.4924001,44.2261012],[-76.4923996,44.2260359],[-76.4923391,44.2260361],[-76.4923395,44.2260961],[-76.4923034,44.2260965],[-76.4923045,44.2261706],[-76.4922015,44.2261713]]]}},{"type":"Feature","id":105,"properties":{"name":"Beamish-Munro Hall","levels":4,"height":16.8},"geometry":{"type":"Polygon","coordinates":[[[-76.4922403,44.2283384],[-76.4922372,44.228364],[-76.4920905,44.2283556],[-76.4920902,44.2283578],[-76.491966,44.2283506],[-76.4919665,44.2283464],[-76.4919128,44.2283432],[-76.4919092,44.2283744],[-76.491867,44.2283718],[-76.4918809,44.2282532],[-76.491916,44.2282554],[-76.4919238,44.2281891],[-76.4919866,44.2281929],[-76.4919999,44.2280802],[-76.4919912,44.2280796],[-76.4919997,44.2280106],[-76.4920895,44.2280163],[-76.4920876,44.2280321],[-76.4926296,44.2280668],[-76.4926381,44.2279992],[-76.4926712,44.2280014],[-76.492677,44.2279549],[-76.4926856,44.2278948],[-76.4928261,44.2279051],[-76.4928349,44.2279809],[-76.4928215,44.2280746],[-76.4928397,44.2280758],[-76.4928634,44.2280773],[-76.4928468,44.2282263],[-76.4928604,44.2282271],[-76.4928467,44.2283511],[-76.4928245,44.2283499],[-76.4928218,44.2283741],[-76.4922403,44.2283384]]]}},{"type":"Feature","id":106,"properties":{"name":"Gordon Hall","levels":3,"height":12.6},"geometry":{"type":"Polygon","coordinates":[[[-76.494487,44.227584],[-76.4944574,44.2275835],[-76.494424,44.227583],[-76.494425,44.22758],[-76.494363,44.22758],[-76.494363,44.227568],[-76.494181,44.227567],[-76.494181,44.227524],[-76.494172,44.227524],[-76.494173,44.227463],[-76.494178,44.227463],[-76.49418,44.227418],[-76.494361,44.22742],[-76.494362,44.22733],[-76.494348,44.227331],[-76.494351,44.227097],[-76.494553,44.227099],[-76.49455,44.227417],[-76.494732,44.227417],[-76.494732,44.227459],[-76.494737,44.227459],[-76.494737,44.227515],[-76.494736,44.227523],[-76.494732,44.227523],[-76.494732,44.227567],[-76.494547,44.227566],[-76.494547,44.227579],[-76.494487,44.227579],[-76.494487,44.227584]]]}},{"type":"Feature","id":107,"properties":{"name":"Frontenac County Court House","levels":3,"height":12.6},"geometry":{"type":"Polygon","coordinates":[[[-76.4893712,44.2280142],[-76.4893625,44.2279997],[-76.4893526,44.2279822],[-76.4893462,44.2279839],[-76.4892786,44.2278679],[-76.4892848,44.227866],[-76.4892728,44.2278464],[-76.4892636,44.2278299],[-76.4893817,44.2277937],[-76.4893916,44.2278101],[-76.489519,44.2277737],[-76.4894922,44.2277256],[-76.4897405,44.2276521],[-76.4897677,44.2276998],[-76.4898929,44.2276627],[-76.4898829,44.2276457],[-76.4900019,44.2276097],[-76.4900126,44.2276281],[-76.4900239,44.2276477],[-76.490029,44.2276461],[-76.4900665,44.2277103],[-76.4900957,44.2277604],[-76.4900909,44.2277617],[-76.4901019,44.2277815],[-76.4901104,44.2277965],[-76.489989,44.2278308],[-76.4899806,44.2278167],[-76.4899602,44.2278231],[-76.4899529,44.2278537],[-76.4898829,44.2278747],[-76.4898425,44.227858],[-76.4898187,44.2278651],[-76.4897986,44.2278711],[-76.4898159,44.2279037],[-76.4896829,44.2279437],[-76.4896649,44.2279107],[-76.4896446,44.2279166],[-76.4895779,44.2279365],[-76.4895819,44.2279437],[-76.4895471,44.2279533],[-76.4895434,44.2279463],[-76.4894824,44.2279652],[-76.4894906,44.22798],[-76.4893712,44.2280142]]]}},{"type":"Feature","id":108,"properties":{"name":"Ban Righ Hall","levels":3,"height":12.6},"geometry":{"type":"Polygon","coordinates":[[[-76.495912,44.224494],[-76.4959541,44.2244834],[-76.4960143,44.2244866],[-76.496047,44.2244872],[-76.496048,44.2244737],[-76.4962953,44.2244754],[-76.4962963,44.2244684],[-76.4962978,44.2244578],[-76.4964623,44.2244536],[-76.4964577,44.2244767],[-76.4965337,44.2244768],[-76.496606,44.2244768],[-76.4966061,44.2244861],[-76.496686,44.2244835],[-76.4966854,44.2245555],[-76.496634,44.224558],[-76.496635,44.224835],[-76.496432,44.224835],[-76.496431,44.224843],[-76.4964131,44.224843],[-76.496379,44.224843],[-76.496379,44.224832],[-76.496007,44.224832],[-76.496007,44.224855],[-76.495955,44.224855],[-76.495955,44.224824],[-76.495831,44.224824],[-76.495831,44.224723],[-76.495817,44.224723],[-76.495816,44.224563],[-76.495913,44.224563],[-76.495913,44.224516],[-76.495912,44.224494]]]}},{"type":"Feature","id":109,"properties":{"name":"Stewart-Pollock Wing","levels":5,"height":21},"geometry":{"type":"Polygon","coordinates":[[[-76.4943499,44.2266315],[-76.4944536,44.2266316],[-76.4944536,44.2268354],[-76.4943996,44.2268354],[-76.4943996,44.2268587],[-76.4943214,44.2268587],[-76.4943213,44.2268348],[-76.4942343,44.2268348],[-76.4942344,44.2266315],[-76.4942879,44.2266316],[-76.4943499,44.2266315]]]}},{"type":"Feature","id":110,"properties":{"name":"Jemmet Wing","levels":4,"height":16.8},"geometry":{"type":"Polygon","coordinates":[[[-76.4943494,44.2265344],[-76.4942874,44.2265346],[-76.494197,44.226535],[-76.494197,44.226529],[-76.493917,44.226529],[-76.493917,44.226496],[-76.493877,44.226496],[-76.493878,44.226369],[-76.493916,44.226368],[-76.493917,44.226371],[-76.494211,44.226371],[-76.494211,44.226376],[-76.494257,44.226377],[-76.494322,44.2263767],[-76.49443,44.226376],[-76.49443,44.22637],[-76.494535,44.22637],[-76.494535,44.226468],[-76.49455,44.226468],[-76.49455,44.22653],[-76.494443,44.22653],[-76.494443,44.226533],[-76.4943494,44.2265344]]]}},{"type":"Feature","id":111,"properties":{"name":"Miller Hall","levels":4,"height":16.8},"geometry":{"type":"Polygon","coordinates":[[[-76.4930088,44.227329],[-76.4930069,44.2273466],[-76.493056,44.2273496],[-76.493176,44.227357],[-76.493165,44.227451],[-76.492987,44.227441],[-76.492983,44.227476],[-76.492483,44.227446],[-76.492488,44.227407],[-76.492311,44.227396],[-76.492323,44.227302],[-76.492425,44.227309],[-76.492429,44.227283],[-76.4925039,44.2272889],[-76.492505,44.227281],[-76.4929952,44.2273172],[-76.492994,44.2273283],[-76.4930088,44.227329]]]}},{"type":"Feature","id":112,"properties":{"name":"Bellevue House","levels":3,"height":12.6},"geometry":{"type":"Polygon","coordinates":[[[-76.5042399,44.2230777],[-76.5041398,44.2231162],[-76.5041041,44.22307],[-76.5040494,44.2230916],[-76.5039577,44.2229707],[-76.5040379,44.2229343],[-76.504062,44.222964],[-76.5041191,44.2229439],[-76.5041434,44.2229745],[-76.5041861,44.2229608],[-76.5042284,44.2230213],[-76.5042031,44.2230322],[-76.5042399,44.2230777]]]}},{"type":"Feature","id":113,"properties":{"name":"Ann Baillie Building","levels":3,"height":12.6},"geometry":{"type":"Polygon","coordinates":[[[-76.4922486,44.2238918],[-76.4922356,44.223845],[-76.4921498,44.223857],[-76.4921455,44.223843],[-76.4920896,44.2238497],[-76.4920831,44.2238278],[-76.4920522,44.2238321],[-76.4920446,44.2238062],[-76.4921323,44.2237922],[-76.4921203,44.2237493],[-76.4922021,44.2237373],[-76.4921878,44.2236835],[-76.4923364,44.2236627],[-76.4923495,44.2237116],[-76.4924402,44.2236985],[-76.4924698,44.2238092],[-76.492385,44.2238212],[-76.4923992,44.223871],[-76.4922486,44.2238918]]]}},{"type":"Feature","id":114,"properties":{"name":null,"levels":3,"height":12.6},"geometry":{"type":"Polygon","coordinates":[[[-76.491835,44.223642],[-76.491786,44.223468],[-76.492319,44.223396],[-76.4923208,44.2234028],[-76.4923442,44.2234898],[-76.492366,44.223571],[-76.492216,44.223591],[-76.492221,44.223611],[-76.492097,44.223628],[-76.492091,44.223606],[-76.491835,44.223642]]]}},{"type":"Feature","id":115,"properties":{"name":null,"levels":11,"height":46.2},"geometry":{"type":"Polygon","coordinates":[[[-76.491276,44.223104],[-76.4912878,44.2230956],[-76.4912611,44.2230738],[-76.4912751,44.2230643],[-76.4912519,44.2230444],[-76.4912659,44.223034],[-76.4912418,44.2230152],[-76.4912572,44.2230038],[-76.4912352,44.2229858],[-76.4912503,44.2229739],[-76.491234,44.222959],[-76.49123,44.222955],[-76.491246,44.222948],[-76.491228,44.22293],[-76.491215,44.222923],[-76.491228,44.222915],[-76.491232,44.222901],[-76.49126,44.222909],[-76.491289,44.22291],[-76.491317,44.222903],[-76.491341,44.22289],[-76.491348,44.222882],[-76.491358,44.222892],[-76.491374,44.222898],[-76.491363,44.222918],[-76.491361,44.222928],[-76.49138,44.222933],[-76.491371,44.222956],[-76.491392,44.22296],[-76.491381,44.222987],[-76.491401,44.222991],[-76.491393,44.223015],[-76.491412,44.22302],[-76.491402,44.223046],[-76.491421,44.22305],[-76.491412,44.223076],[-76.491431,44.22308],[-76.49142,44.223106],[-76.491439,44.22311],[-76.49143,44.223135],[-76.491449,44.223141],[-76.491439,44.223166],[-76.491457,44.22317],[-76.49145,44.223195],[-76.491469,44.223199],[-76.491458,44.223225],[-76.491477,44.223228],[-76.491468,44.223255],[-76.491488,44.223259],[-76.49148,44.223284],[-76.491496,44.223289],[-76.491487,44.223314],[-76.491506,44.223319],[-76.491498,44.223343],[-76.491514,44.22335],[-76.491494,44.223397],[-76.49148,44.223403],[-76.491446,44.223405],[-76.491435,44.22341],[-76.491417,44.223412],[-76.4914,44.223407],[-76.4913625,44.2233716],[-76.491374,44.2233637],[-76.4913628,44.2233536],[-76.491351,44.223343],[-76.491365,44.223334],[-76.491343,44.223313],[-76.491356,44.223304],[-76.491332,44.223283],[-76.491346,44.223275],[-76.491324,44.223253],[-76.491337,44.223245],[-76.491313,44.223224],[-76.491328,44.223215],[-76.491305,44.223195],[-76.491317,44.223186],[-76.491294,44.223163],[-76.491308,44.223155],[-76.491287,44.223135],[-76.491299,44.223125],[-76.491276,44.223104]]]}},{"type":"Feature","id":116,"properties":{"name":"Murney Tower","levels":3,"height":12.6},"geometry":{"type":"Polygon","coordinates":[[[-76.4903324,44.2223685],[-76.4903184,44.2223615],[-76.4903114,44.2223525],[-76.4903144,44.2223395],[-76.4903344,44.2223235],[-76.4903104,44.2222885],[-76.4903104,44.2222615],[-76.4903114,44.2222485],[-76.4902824,44.2222355],[-76.4902754,44.2222285],[-76.4902764,44.2222165],[-76.4902854,44.2222065],[-76.4903014,44.2222035],[-76.4903164,44.2222065],[-76.4903404,44.2222175],[-76.4903444,44.2222145],[-76.4903934,44.2221955],[-76.4904504,44.2221995],[-76.4904664,44.2221825],[-76.4904754,44.2221785],[-76.4904924,44.2221765],[-76.4905074,44.2221835],[-76.4905134,44.2221935],[-76.4905114,44.2222055],[-76.4904944,44.2222235],[-76.4905104,44.2222465],[-76.4905194,44.2222595],[-76.4905134,44.2222985],[-76.4905444,44.2223105],[-76.4905484,44.2223155],[-76.4905494,44.2223225],[-76.4905514,44.2223275],[-76.4905434,44.2223385],[-76.4905304,44.2223435],[-76.4905124,44.2223435],[-76.4904844,44.2223345],[-76.4904354,44.2223515],[-76.4903956,44.2223485],[-76.4903824,44.2223475],[-76.4903624,44.2223625],[-76.4903504,44.2223675],[-76.4903324,44.2223685]]]}},{"type":"Feature","id":117,"properties":{"name":null,"levels":1,"height":4.2},"geometry":{"type":"Polygon","coordinates":[[[-76.4932723,44.2227087],[-76.4932691,44.2226201],[-76.4933514,44.2226186],[-76.493481,44.2226162],[-76.4934842,44.2227048],[-76.4932723,44.2227087]]]}},{"type":"Feature","id":118,"properties":{"name":"Campus Bookstore (underground entrance)","levels":3,"height":12.6},"geometry":{"type":"Polygon","coordinates":[[[-76.4936709,44.2269791],[-76.4936698,44.2269587],[-76.4936686,44.2269371],[-76.4938425,44.2269323],[-76.4938448,44.2269743],[-76.4936709,44.2269791]]]}},{"type":"Feature","id":119,"properties":{"name":"Chalmers United Church","levels":3,"height":12.6},"geometry":{"type":"Polygon","coordinates":[[[-76.490761,44.229378],[-76.490756,44.229342],[-76.490595,44.22935],[-76.490593,44.22934],[-76.49056,44.229342],[-76.490459,44.229319],[-76.490457,44.229308],[-76.490425,44.22931],[-76.490398,44.229307],[-76.490376,44.229297],[-76.490359,44.229281],[-76.490352,44.229263],[-76.490354,44.229244],[-76.490368,44.229227],[-76.490387,44.229214],[-76.490412,44.229208],[-76.490447,44.229206],[-76.490446,44.229187],[-76.490542,44.229139],[-76.490575,44.229138],[-76.490573,44.229122],[-76.490745,44.229112],[-76.490751,44.229103],[-76.490766,44.229094],[-76.490785,44.229092],[-76.490803,44.229096],[-76.490815,44.229107],[-76.490818,44.229121],[-76.490811,44.229133],[-76.490796,44.229142],[-76.490799,44.22917],[-76.490817,44.22917],[-76.49082,44.229194],[-76.49083,44.22929],[-76.490814,44.229291],[-76.490823,44.229374],[-76.490761,44.229378]]]}},{"type":"Feature","id":120,"properties":{"name":null,"levels":3,"height":12.6},"geometry":{"type":"Polygon","coordinates":[[[-76.488809,44.226199],[-76.488753,44.226151],[-76.489015,44.225992],[-76.489028,44.225986],[-76.48903,44.225987],[-76.489043,44.225999],[-76.489094,44.226042],[-76.489016,44.226089],[-76.489033,44.226104],[-76.488963,44.226146],[-76.488944,44.22613],[-76.488926,44.22614],[-76.488919,44.226134],[-76.488809,44.226199]]]}},{"type":"Feature","id":121,"properties":{"name":null,"levels":2,"height":8.4},"geometry":{"type":"Polygon","coordinates":[[[-76.488238,44.228036],[-76.488056,44.227986],[-76.488098,44.227906],[-76.48815,44.22792],[-76.488159,44.227924],[-76.488169,44.227904],[-76.488219,44.227917],[-76.488222,44.227918],[-76.488212,44.227938],[-76.48828,44.227957],[-76.488238,44.228036]]]}},{"type":"Feature","id":122,"properties":{"name":null,"levels":3,"height":12.6},"geometry":{"type":"Polygon","coordinates":[[[-76.488922,44.228639],[-76.488859,44.228554],[-76.488722,44.228605],[-76.488612,44.228588],[-76.488604,44.228616],[-76.488444,44.228592],[-76.488449,44.228571],[-76.488435,44.228568],[-76.488478,44.22842],[-76.488644,44.228445],[-76.488624,44.228514],[-76.488697,44.228524],[-76.488806,44.228483],[-76.488752,44.228407],[-76.488825,44.228381],[-76.488992,44.228613],[-76.488922,44.228639]]]}},{"type":"Feature","id":123,"properties":{"name":null,"levels":2,"height":8.4},"geometry":{"type":"Polygon","coordinates":[[[-76.501678,44.22928],[-76.501676,44.229241],[-76.501701,44.229241],[-76.501699,44.229208],[-76.501796,44.229204],[-76.501807,44.229204],[-76.501807,44.229229],[-76.501867,44.229226],[-76.50187,44.229274],[-76.501678,44.22928]]]}},{"type":"Feature","id":124,"properties":{"name":"David C. Smith House","levels":5,"height":21},"geometry":{"type":"Polygon","coordinates":[[[-76.498443,44.22369],[-76.498433,44.223623],[-76.498445,44.223622],[-76.498423,44.223484],[-76.498412,44.223485],[-76.498407,44.223458],[-76.498416,44.223458],[-76.498407,44.223404],[-76.498563,44.223391],[-76.498589,44.223558],[-76.498789,44.223542],[-76.498782,44.223498],[-76.498888,44.223489],[-76.498892,44.2235],[-76.499197,44.223473],[-76.499176,44.223231],[-76.499389,44.223222],[-76.499393,44.223278],[-76.499405,44.223277],[-76.499407,44.223303],[-76.499396,44.223304],[-76.499415,44.223533],[-76.499432,44.223532],[-76.499438,44.2236],[-76.4992408,44.2236162],[-76.4989666,44.2236387],[-76.49889,44.223645],[-76.498889,44.223639],[-76.498834,44.223643],[-76.498834,44.223649],[-76.498516,44.223674],[-76.498517,44.223684],[-76.498443,44.22369]]]}},{"type":"Feature","id":125,"properties":{"name":"Brant House","levels":9,"height":37.8},"geometry":{"type":"Polygon","coordinates":[[[-76.4997281,44.2236424],[-76.4997217,44.2235733],[-76.4997342,44.2235727],[-76.4997274,44.2234975],[-76.4997251,44.2234724],[-76.5003382,44.2234441],[-76.5003372,44.2234331],[-76.5004458,44.2234282],[-76.5004529,44.2235051],[-76.5004369,44.2235059],[-76.500446,44.2235973],[-76.4998206,44.2236283],[-76.4998215,44.223638],[-76.4997281,44.2236424]]]}},{"type":"Feature","id":126,"properties":{"name":"Ban Righ Centre","levels":3,"height":12.6},"geometry":{"type":"Polygon","coordinates":[[[-76.496837,44.224815],[-76.496834,44.224791],[-76.496759,44.224796],[-76.496742,44.224678],[-76.496798,44.224673],[-76.496804,44.224707],[-76.496934,44.224697],[-76.496946,44.224785],[-76.49689,44.224789],[-76.496893,44.224811],[-76.496837,44.224815]]]}},{"type":"Feature","id":127,"properties":{"name":"Yellow House","levels":3,"height":12.6},"geometry":{"type":"Polygon","coordinates":[[[-76.495706,44.223949],[-76.4957,44.223882],[-76.49571,44.223882],[-76.495707,44.223829],[-76.495793,44.223826],[-76.495791,44.223822],[-76.495827,44.223822],[-76.49583,44.223878],[-76.495849,44.223877],[-76.495853,44.223944],[-76.4957863,44.2239463],[-76.495706,44.223949]]]}},{"type":"Feature","id":128,"properties":{"name":"Craine Building","levels":4,"height":16.8},"geometry":{"type":"Polygon","coordinates":[[[-76.4919497,44.2265354],[-76.4919478,44.2264064],[-76.4919458,44.226265],[-76.4921314,44.2262637],[-76.4921353,44.2265341],[-76.4919497,44.2265354]]]}},{"type":"Feature","id":129,"properties":{"name":null,"levels":3,"height":12.6},"geometry":{"type":"Polygon","coordinates":[[[-76.487634,44.227818],[-76.487464,44.227737],[-76.487557,44.227638],[-76.487725,44.227718],[-76.487634,44.227818]]]}},{"type":"Feature","id":130,"properties":{"name":null,"levels":3,"height":12.6},"geometry":{"type":"Polygon","coordinates":[[[-76.487597,44.227973],[-76.487487,44.227925],[-76.487458,44.227959],[-76.487354,44.227913],[-76.487383,44.227879],[-76.487374,44.227875],[-76.487391,44.227855],[-76.487399,44.227858],[-76.48743,44.227821],[-76.487485,44.227845],[-76.48751,44.227815],[-76.48757,44.227841],[-76.487544,44.227873],[-76.487645,44.227917],[-76.487597,44.227973]]]}},{"type":"Feature","id":131,"properties":{"name":null,"levels":3,"height":12.6},"geometry":{"type":"Polygon","coordinates":[[[-76.487502,44.222914],[-76.487497,44.22291],[-76.487349,44.222754],[-76.487399,44.222729],[-76.487428,44.222757],[-76.487495,44.222725],[-76.487518,44.222748],[-76.487506,44.222754],[-76.487608,44.222861],[-76.487502,44.222914]]]}},{"type":"Feature","id":132,"properties":{"name":null,"levels":3,"height":12.6},"geometry":{"type":"Polygon","coordinates":[[[-76.487156,44.223393],[-76.487113,44.22335],[-76.487311,44.223251],[-76.487255,44.223193],[-76.487242,44.223198],[-76.487218,44.223173],[-76.487351,44.223107],[-76.487366,44.223123],[-76.487391,44.223111],[-76.487483,44.223205],[-76.487462,44.223215],[-76.487477,44.223232],[-76.487156,44.223393]]]}},{"type":"Feature","id":133,"properties":{"name":null,"levels":3,"height":12.6},"geometry":{"type":"Polygon","coordinates":[[[-76.487693,44.222666],[-76.487624,44.222595],[-76.487704,44.222553],[-76.487775,44.222624],[-76.487693,44.222666]]]}},{"type":"Feature","id":134,"properties":{"name":null,"levels":3,"height":12.6},"geometry":{"type":"Polygon","coordinates":[[[-76.487747,44.22281],[-76.487687,44.22275],[-76.48775,44.222719],[-76.487741,44.222709],[-76.487833,44.222664],[-76.4879,44.222733],[-76.487808,44.222778],[-76.487747,44.22281]]]}},{"type":"Feature","id":135,"properties":{"name":null,"levels":3,"height":12.6},"geometry":{"type":"Polygon","coordinates":[[[-76.487695,44.223102],[-76.487613,44.223018],[-76.487705,44.222971],[-76.487755,44.223023],[-76.487797,44.223002],[-76.487828,44.223035],[-76.487695,44.223102]]]}},{"type":"Feature","id":136,"properties":{"name":null,"levels":3,"height":12.6},"geometry":{"type":"Polygon","coordinates":[[[-76.488112,44.222906],[-76.487961,44.22275],[-76.48802,44.222722],[-76.488079,44.222783],[-76.488093,44.222777],[-76.488117,44.222801],[-76.488105,44.222808],[-76.488172,44.222877],[-76.488112,44.222906]]]}},{"type":"Feature","id":137,"properties":{"name":null,"levels":3,"height":12.6},"geometry":{"type":"Polygon","coordinates":[[[-76.487878,44.222878],[-76.487816,44.222813],[-76.487919,44.222764],[-76.48796,44.222806],[-76.487968,44.222802],[-76.487989,44.222824],[-76.487878,44.222878]]]}},{"type":"Feature","id":138,"properties":{"name":null,"levels":3,"height":12.6},"geometry":{"type":"Polygon","coordinates":[[[-76.488105,44.22309],[-76.488057,44.22304],[-76.488104,44.223015],[-76.488106,44.223006],[-76.488065,44.222965],[-76.488131,44.222932],[-76.488227,44.223027],[-76.488105,44.22309]]]}},{"type":"Feature","id":139,"properties":{"name":null,"levels":3,"height":12.6},"geometry":{"type":"Polygon","coordinates":[[[-76.487819,44.223247],[-76.487772,44.223199],[-76.487987,44.223086],[-76.487991,44.223089],[-76.488012,44.223077],[-76.488051,44.223116],[-76.488028,44.223129],[-76.488034,44.223135],[-76.487819,44.223247]]]}},{"type":"Feature","id":140,"properties":{"name":null,"levels":3,"height":12.6},"geometry":{"type":"Polygon","coordinates":[[[-76.487997,44.223424],[-76.487946,44.223373],[-76.488159,44.223266],[-76.488209,44.223318],[-76.487997,44.223424]]]}},{"type":"Feature","id":141,"properties":{"name":null,"levels":3,"height":12.6},"geometry":{"type":"Polygon","coordinates":[[[-76.4888484,44.2222429],[-76.4887981,44.2221815],[-76.4889042,44.2221368],[-76.4888915,44.2221213],[-76.4889963,44.2220772],[-76.4890051,44.2220878],[-76.4891078,44.2220446],[-76.4891622,44.2221109],[-76.4888484,44.2222429]]]}},{"type":"Feature","id":142,"properties":{"name":null,"levels":3,"height":12.6},"geometry":{"type":"Polygon","coordinates":[[[-76.488227,44.222749],[-76.488167,44.222686],[-76.488121,44.22271],[-76.488096,44.222683],[-76.488085,44.222689],[-76.488043,44.222647],[-76.4881,44.222618],[-76.488058,44.222574],[-76.488069,44.222569],[-76.488053,44.222553],[-76.488113,44.222522],[-76.488109,44.222518],[-76.488144,44.2225],[-76.488178,44.222484],[-76.488182,44.222488],[-76.48824,44.222459],[-76.488256,44.222475],[-76.488265,44.222469],[-76.488269,44.222473],[-76.488435,44.222645],[-76.488227,44.222749]]]}},{"type":"Feature","id":143,"properties":{"name":null,"levels":3,"height":12.6},"geometry":{"type":"Polygon","coordinates":[[[-76.488454,44.223058],[-76.488368,44.222971],[-76.48843,44.222939],[-76.488435,44.222937],[-76.488445,44.222947],[-76.488507,44.222916],[-76.488494,44.222904],[-76.48857,44.222865],[-76.488571,44.222859],[-76.48858,44.222845],[-76.488598,44.222838],[-76.488618,44.222836],[-76.488633,44.222829],[-76.48868,44.222878],[-76.48869,44.222872],[-76.488729,44.222911],[-76.488718,44.222917],[-76.488765,44.222964],[-76.488627,44.223035],[-76.488569,44.222977],[-76.488509,44.223008],[-76.488524,44.223022],[-76.488464,44.223052],[-76.488454,44.223058]]]}},{"type":"Feature","id":144,"properties":{"name":null,"levels":3,"height":12.6},"geometry":{"type":"Polygon","coordinates":[[[-76.488257,44.223624],[-76.488166,44.22353],[-76.488184,44.223521],[-76.488166,44.223503],[-76.488216,44.223478],[-76.488154,44.223414],[-76.488221,44.223381],[-76.488392,44.223558],[-76.488257,44.223624]]]}},{"type":"Feature","id":145,"properties":{"name":null,"levels":3,"height":12.6},"geometry":{"type":"Polygon","coordinates":[[[-76.488435,44.223491],[-76.48836,44.223419],[-76.488413,44.22339],[-76.488342,44.223323],[-76.48841,44.223287],[-76.488481,44.223356],[-76.488497,44.223347],[-76.488592,44.223439],[-76.488522,44.223476],[-76.48852,44.223472],[-76.488491,44.223488],[-76.488475,44.22347],[-76.488435,44.223491]]]}},{"type":"Feature","id":146,"properties":{"name":null,"levels":3,"height":12.6},"geometry":{"type":"Polygon","coordinates":[[[-76.488883,44.223342],[-76.488796,44.223257],[-76.488779,44.223266],[-76.488647,44.223139],[-76.488449,44.223245],[-76.488412,44.22321],[-76.488307,44.223266],[-76.488262,44.223223],[-76.488185,44.223263],[-76.488176,44.223254],[-76.488166,44.22326],[-76.488105,44.2232],[-76.488122,44.22319],[-76.488073,44.223143],[-76.48823,44.223058],[-76.488351,44.223175],[-76.488369,44.223164],[-76.488437,44.223129],[-76.488469,44.22316],[-76.48866,44.223056],[-76.488802,44.223194],[-76.488827,44.22318],[-76.488847,44.2232],[-76.488871,44.223188],[-76.488862,44.22318],[-76.48891,44.223154],[-76.48893,44.223173],[-76.488935,44.22317],[-76.489032,44.223261],[-76.48903,44.223263],[-76.488883,44.223342]]]}},{"type":"Feature","id":147,"properties":{"name":null,"levels":3,"height":12.6},"geometry":{"type":"Polygon","coordinates":[[[-76.488673,44.223424],[-76.488619,44.223369],[-76.488604,44.223377],[-76.488585,44.223358],[-76.488567,44.223366],[-76.48852,44.223318],[-76.488578,44.223289],[-76.48861,44.223322],[-76.488643,44.223305],[-76.488607,44.223268],[-76.488643,44.223249],[-76.488628,44.223232],[-76.488654,44.223219],[-76.488668,44.223235],[-76.48868,44.223229],[-76.488718,44.223269],[-76.488727,44.223264],[-76.488812,44.223353],[-76.488673,44.223424]]]}},{"type":"Feature","id":148,"properties":{"name":null,"levels":3,"height":12.6},"geometry":{"type":"Polygon","coordinates":[[[-76.486986,44.223821],[-76.486848,44.223615],[-76.487012,44.223558],[-76.487093,44.223679],[-76.487013,44.223706],[-76.487028,44.223728],[-76.487095,44.223704],[-76.487097,44.223709],[-76.487141,44.223693],[-76.487166,44.22373],[-76.486986,44.223821]]]}},{"type":"Feature","id":149,"properties":{"name":null,"levels":3,"height":12.6},"geometry":{"type":"Polygon","coordinates":[[[-76.487038,44.223884],[-76.487001,44.223829],[-76.487165,44.223748],[-76.487212,44.223799],[-76.487038,44.223884]]]}},{"type":"Feature","id":150,"properties":{"name":null,"levels":3,"height":12.6},"geometry":{"type":"Polygon","coordinates":[[[-76.487275,44.22412],[-76.487215,44.224056],[-76.487236,44.224045],[-76.487192,44.223997],[-76.487194,44.223978],[-76.487215,44.223968],[-76.487235,44.223971],[-76.487301,44.223939],[-76.487291,44.223927],[-76.48725,44.223938],[-76.487197,44.22388],[-76.487265,44.223848],[-76.487339,44.223927],[-76.487379,44.223908],[-76.487477,44.224013],[-76.487459,44.224021],[-76.487471,44.224032],[-76.487467,44.224035],[-76.487297,44.224117],[-76.487291,44.224111],[-76.487275,44.22412]]]}},{"type":"Feature","id":151,"properties":{"name":null,"levels":3,"height":12.6},"geometry":{"type":"Polygon","coordinates":[[[-76.487425,44.223763],[-76.487312,44.22365],[-76.487378,44.223618],[-76.48744,44.22368],[-76.487559,44.223606],[-76.487531,44.223584],[-76.487648,44.223511],[-76.48766,44.22352],[-76.487696,44.223498],[-76.487823,44.223604],[-76.487794,44.223622],[-76.487809,44.223636],[-76.487719,44.223692],[-76.487674,44.223654],[-76.487673,44.223656],[-76.48768,44.223662],[-76.487627,44.223696],[-76.48762,44.22369],[-76.487605,44.2237],[-76.487594,44.22369],[-76.487538,44.223724],[-76.487514,44.223704],[-76.487483,44.223724],[-76.487485,44.223725],[-76.487472,44.223734],[-76.487425,44.223763]]]}},{"type":"Feature","id":152,"properties":{"name":null,"levels":3,"height":12.6},"geometry":{"type":"Polygon","coordinates":[[[-76.48977,44.221949],[-76.48977,44.221945],[-76.489718,44.221948],[-76.489713,44.221892],[-76.489714,44.221888],[-76.489758,44.221887],[-76.489758,44.22188],[-76.489826,44.221876],[-76.489826,44.22188],[-76.489874,44.221877],[-76.48988,44.221936],[-76.489833,44.221938],[-76.489835,44.221946],[-76.48977,44.221949]]]}},{"type":"Feature","id":153,"properties":{"name":"Macklem House","levels":3,"height":12.6},"geometry":{"type":"Polygon","coordinates":[[[-76.49058,44.223168],[-76.490579,44.223151],[-76.490554,44.223152],[-76.490546,44.223091],[-76.490508,44.223093],[-76.490507,44.223085],[-76.490493,44.223086],[-76.4904906,44.2230635],[-76.490485,44.223011],[-76.490498,44.22301],[-76.490496,44.223002],[-76.490539,44.222999],[-76.490532,44.222942],[-76.49057,44.22291],[-76.490641,44.222906],[-76.490663,44.222919],[-76.490707,44.222917],[-76.490723,44.222912],[-76.490743,44.222911],[-76.490759,44.222918],[-76.490768,44.222931],[-76.490769,44.222945],[-76.490759,44.222957],[-76.490742,44.222963],[-76.490748,44.22302],[-76.490762,44.22303],[-76.49077,44.223045],[-76.490769,44.223059],[-76.490757,44.223075],[-76.490758,44.223081],[-76.490779,44.22308],[-76.490785,44.223137],[-76.490749,44.223139],[-76.490749,44.223143],[-76.490674,44.223147],[-76.490675,44.223162],[-76.49058,44.223168]]]}},{"type":"Feature","id":154,"properties":{"name":null,"levels":3,"height":12.6},"geometry":{"type":"Polygon","coordinates":[[[-76.490558,44.22347],[-76.490558,44.223463],[-76.490535,44.223463],[-76.490533,44.223432],[-76.49054,44.22342],[-76.49054,44.223414],[-76.490557,44.223413],[-76.490553,44.223376],[-76.490537,44.223377],[-76.490525,44.223364],[-76.490523,44.223337],[-76.490531,44.223324],[-76.490548,44.223323],[-76.490546,44.223305],[-76.490528,44.223306],[-76.490516,44.223293],[-76.490513,44.22327],[-76.490524,44.223253],[-76.49061,44.223249],[-76.490617,44.223237],[-76.490643,44.223236],[-76.490651,44.223244],[-76.49066,44.223244],[-76.49066,44.223238],[-76.490667,44.22323],[-76.49068,44.223227],[-76.490691,44.223232],[-76.490696,44.22324],[-76.490729,44.223239],[-76.49073,44.223257],[-76.490775,44.223255],[-76.490791,44.223443],[-76.490694,44.223447],[-76.490696,44.223465],[-76.490558,44.22347]]]}},{"type":"Feature","id":155,"properties":{"name":"Burr Wing","levels":4,"height":16.8},"geometry":{"type":"Polygon","coordinates":[[[-76.4917764,44.2233782],[-76.4916332,44.2228466],[-76.4920604,44.2227875],[-76.4920795,44.2228583],[-76.4920349,44.2228644],[-76.492052,44.222928],[-76.4921154,44.2229192],[-76.4920767,44.2227887],[-76.4921911,44.2228001],[-76.4922154,44.2229087],[-76.4922624,44.2229022],[-76.4922426,44.2228293],[-76.4924635,44.2227984],[-76.4924669,44.222811],[-76.4925462,44.2227999],[-76.4926742,44.2232716],[-76.4926268,44.2232782],[-76.4924253,44.2233063],[-76.4923954,44.2233105],[-76.4923883,44.2232845],[-76.4921514,44.2233175],[-76.4921433,44.2232876],[-76.492013,44.2233056],[-76.4919944,44.2233082],[-76.4920047,44.2233466],[-76.4917764,44.2233782]]]}},{"type":"Feature","id":156,"properties":{"name":null,"levels":3,"height":12.6},"geometry":{"type":"Polygon","coordinates":[[[-76.490582,44.223685],[-76.490575,44.223626],[-76.490604,44.223624],[-76.4906,44.223585],[-76.49069,44.22358],[-76.490688,44.22357],[-76.490769,44.223565],[-76.490773,44.22359],[-76.490838,44.223586],[-76.490842,44.223621],[-76.490871,44.22362],[-76.490873,44.223638],[-76.490845,44.223641],[-76.490845,44.223645],[-76.490778,44.223649],[-76.49078,44.223673],[-76.490582,44.223685]]]}},{"type":"Feature","id":157,"properties":{"name":null,"levels":3,"height":12.6},"geometry":{"type":"Polygon","coordinates":[[[-76.490773,44.223838],[-76.490599,44.223849],[-76.490586,44.223726],[-76.490602,44.223725],[-76.4906,44.22371],[-76.490704,44.223704],[-76.490706,44.22372],[-76.490766,44.223717],[-76.490772,44.223775],[-76.490809,44.223773],[-76.490812,44.223812],[-76.490783,44.223813],[-76.490784,44.223827],[-76.490772,44.223828],[-76.490773,44.223838]]]}},{"type":"Feature","id":158,"properties":{"name":"Centre for Applied Urological Research","levels":3,"height":12.6},"geometry":{"type":"Polygon","coordinates":[[[-76.490628,44.224097],[-76.490623,44.224063],[-76.490596,44.224066],[-76.490586,44.22398],[-76.490782,44.223969],[-76.490784,44.223986],[-76.490851,44.223981],[-76.490858,44.224029],[-76.49081,44.224031],[-76.490815,44.224072],[-76.490791,44.224073],[-76.490793,44.224087],[-76.490628,44.224097]]]}},{"type":"Feature","id":159,"properties":{"name":null,"levels":3,"height":12.6},"geometry":{"type":"Polygon","coordinates":[[[-76.49081,44.224264],[-76.4906578,44.2242721],[-76.490657,44.224262],[-76.490653,44.224262],[-76.490648,44.224196],[-76.490618,44.224198],[-76.490616,44.224181],[-76.490643,44.22418],[-76.490642,44.224159],[-76.490616,44.224161],[-76.490612,44.224113],[-76.490799,44.224103],[-76.490803,44.224135],[-76.490819,44.224135],[-76.490817,44.224122],[-76.490925,44.224116],[-76.490925,44.224124],[-76.490935,44.224123],[-76.490939,44.224163],[-76.49093,44.224164],[-76.490933,44.224196],[-76.490804,44.224202],[-76.49081,44.224264]]]}},{"type":"Feature","id":160,"properties":{"name":null,"levels":3,"height":12.6},"geometry":{"type":"Polygon","coordinates":[[[-76.490758,44.224613],[-76.490755,44.224584],[-76.490729,44.224586],[-76.490723,44.224541],[-76.490711,44.224542],[-76.490707,44.224508],[-76.490727,44.224507],[-76.490721,44.224455],[-76.490914,44.224442],[-76.490922,44.22451],[-76.491025,44.224504],[-76.491033,44.224571],[-76.490928,44.224579],[-76.490928,44.224583],[-76.490818,44.22459],[-76.490821,44.22461],[-76.490758,44.224613]]]}},{"type":"Feature","id":161,"properties":{"name":null,"levels":3,"height":12.6},"geometry":{"type":"Polygon","coordinates":[[[-76.490801,44.22478],[-76.490801,44.224768],[-76.490744,44.22477],[-76.49074,44.224742],[-76.490714,44.224743],[-76.490709,44.224683],[-76.490786,44.22468],[-76.490786,44.224662],[-76.490878,44.224658],[-76.49088,44.224689],[-76.490909,44.224688],[-76.490915,44.224764],[-76.490882,44.224765],[-76.490883,44.224777],[-76.490801,44.22478]]]}},{"type":"Feature","id":162,"properties":{"name":null,"levels":2,"height":8.4},"geometry":{"type":"Polygon","coordinates":[[[-76.4907965,44.2253954],[-76.4907963,44.2253916],[-76.4907766,44.2253923],[-76.4907691,44.2252891],[-76.4907856,44.2252885],[-76.4907824,44.2252439],[-76.4908506,44.2252413],[-76.4908497,44.2252279],[-76.4909228,44.2252251],[-76.4909231,44.225229],[-76.4909378,44.225386],[-76.4909381,44.2253901],[-76.4907965,44.2253954]]]}},{"type":"Feature","id":163,"properties":{"name":"Abrhamsky House","levels":3,"height":12.6},"geometry":{"type":"Polygon","coordinates":[[[-76.49091,44.225199],[-76.490907,44.225178],[-76.490783,44.225186],[-76.490777,44.225135],[-76.49078,44.225134],[-76.490777,44.225108],[-76.490758,44.225109],[-76.490752,44.225064],[-76.49077,44.225063],[-76.49077,44.225059],[-76.49078,44.225058],[-76.490776,44.225032],[-76.490938,44.225022],[-76.490941,44.225042],[-76.490959,44.225041],[-76.490961,44.225058],[-76.490976,44.225057],[-76.490979,44.225078],[-76.491093,44.22507],[-76.491094,44.225082],[-76.491148,44.225077],[-76.491157,44.225141],[-76.491094,44.225146],[-76.491095,44.225162],[-76.49102,44.225166],[-76.49102,44.22517],[-76.490977,44.225172],[-76.49098,44.225195],[-76.4909537,44.2251965],[-76.49091,44.225199]]]}},{"type":"Feature","id":164,"properties":{"name":null,"levels":3,"height":12.6},"geometry":{"type":"Polygon","coordinates":[[[-76.487275,44.226577],[-76.487185,44.226535],[-76.48722,44.226495],[-76.487185,44.226478],[-76.487128,44.226539],[-76.486999,44.226477],[-76.487027,44.226446],[-76.486997,44.226431],[-76.487036,44.226388],[-76.487065,44.226401],[-76.487094,44.226371],[-76.487212,44.226427],[-76.487219,44.22642],[-76.487278,44.226447],[-76.487262,44.226464],[-76.487314,44.226489],[-76.487304,44.226499],[-76.487333,44.226513],[-76.487275,44.226577]]]}},{"type":"Feature","id":165,"properties":{"name":null,"levels":3,"height":12.6},"geometry":{"type":"Polygon","coordinates":[[[-76.487025,44.226937],[-76.48695,44.226901],[-76.486986,44.226863],[-76.48696,44.22685],[-76.486963,44.226845],[-76.486872,44.2268],[-76.48692,44.226751],[-76.486918,44.226747],[-76.486923,44.226736],[-76.486934,44.226729],[-76.486949,44.226727],[-76.486964,44.226733],[-76.486985,44.226711],[-76.487019,44.226728],[-76.487028,44.226721],[-76.487067,44.226741],[-76.487057,44.226752],[-76.487104,44.226774],[-76.487114,44.226765],[-76.487145,44.22678],[-76.487136,44.226789],[-76.487142,44.226792],[-76.487087,44.22685],[-76.487101,44.226857],[-76.487025,44.226937]]]}},{"type":"Feature","id":166,"properties":{"name":null,"levels":3,"height":12.6},"geometry":{"type":"Polygon","coordinates":[[[-76.487107,44.227012],[-76.487051,44.226985],[-76.487125,44.226904],[-76.487094,44.22689],[-76.487175,44.226805],[-76.487258,44.226846],[-76.487107,44.227012]]]}},{"type":"Feature","id":167,"properties":{"name":null,"levels":3,"height":12.6},"geometry":{"type":"Polygon","coordinates":[[[-76.487363,44.226685],[-76.487233,44.226621],[-76.487315,44.226538],[-76.487372,44.226568],[-76.487346,44.226595],[-76.487428,44.226636],[-76.487432,44.226648],[-76.487431,44.226662],[-76.487415,44.226676],[-76.487395,44.226679],[-76.487376,44.226673],[-76.487363,44.226685]]]}},{"type":"Feature","id":168,"properties":{"name":null,"levels":3,"height":12.6},"geometry":{"type":"Polygon","coordinates":[[[-76.487071,44.22739],[-76.487029,44.227371],[-76.487049,44.227348],[-76.487012,44.227331],[-76.487051,44.227285],[-76.487174,44.227341],[-76.487142,44.227378],[-76.487099,44.227358],[-76.487071,44.22739]]]}},{"type":"Feature","id":169,"properties":{"name":null,"levels":3,"height":12.6},"geometry":{"type":"Polygon","coordinates":[[[-76.487482,44.227209],[-76.487378,44.22716],[-76.487431,44.227103],[-76.487395,44.227086],[-76.487393,44.227086],[-76.487365,44.227117],[-76.487352,44.22711],[-76.487339,44.227125],[-76.487299,44.227107],[-76.487311,44.227093],[-76.487294,44.227085],[-76.487267,44.227114],[-76.487216,44.227091],[-76.487197,44.227111],[-76.487132,44.22708],[-76.487149,44.227061],[-76.487144,44.227058],[-76.487324,44.22686],[-76.487391,44.226891],[-76.487387,44.226897],[-76.487439,44.226921],[-76.487357,44.22701],[-76.48737,44.227017],[-76.487423,44.226958],[-76.487483,44.226986],[-76.487474,44.226996],[-76.487552,44.227032],[-76.487547,44.227037],[-76.48761,44.227067],[-76.487609,44.22707],[-76.487482,44.227209]]]}},{"type":"Feature","id":170,"properties":{"name":null,"levels":3,"height":12.6},"geometry":{"type":"Polygon","coordinates":[[[-76.487355,44.227385],[-76.487278,44.22735],[-76.487268,44.227362],[-76.487223,44.227342],[-76.487231,44.227332],[-76.48717,44.227305],[-76.487195,44.227277],[-76.487133,44.227249],[-76.487168,44.227209],[-76.487145,44.2272],[-76.487193,44.227144],[-76.487276,44.227182],[-76.487291,44.227166],[-76.487378,44.227206],[-76.487387,44.227196],[-76.487441,44.22722],[-76.487428,44.227235],[-76.487444,44.227242],[-76.487456,44.227253],[-76.487457,44.227267],[-76.48745,44.227281],[-76.487434,44.227289],[-76.487415,44.227292],[-76.487376,44.227336],[-76.487393,44.227343],[-76.487355,44.227385]]]}},{"type":"Feature","id":171,"properties":{"name":null,"levels":3,"height":12.6},"geometry":{"type":"Polygon","coordinates":[[[-76.4877015,44.2273862],[-76.487858,44.227215],[-76.487831,44.227202],[-76.487854,44.227177],[-76.48787,44.227185],[-76.487905,44.227146],[-76.487961,44.227172],[-76.488037,44.22727],[-76.488015,44.227295],[-76.487954,44.227266],[-76.487917,44.227307],[-76.488017,44.227355],[-76.4879062,44.2274785],[-76.4878954,44.2274736],[-76.4877015,44.2273862]]]}},{"type":"Feature","id":172,"properties":{"name":null,"levels":3,"height":12.6},"geometry":{"type":"Polygon","coordinates":[[[-76.488145,44.227467],[-76.488045,44.227424],[-76.488062,44.22741],[-76.488031,44.227396],[-76.488079,44.227346],[-76.488164,44.227444],[-76.488145,44.227467]]]}},{"type":"Feature","id":173,"properties":{"name":null,"levels":3,"height":12.6},"geometry":{"type":"Polygon","coordinates":[[[-76.487129,44.227636],[-76.48696,44.227559],[-76.486994,44.22752],[-76.48705,44.227546],[-76.487102,44.227488],[-76.487045,44.227462],[-76.487085,44.227417],[-76.487141,44.227443],[-76.487162,44.227418],[-76.487276,44.22747],[-76.487129,44.227636]]]}},{"type":"Feature","id":174,"properties":{"name":null,"levels":3,"height":12.6},"geometry":{"type":"Polygon","coordinates":[[[-76.486991,44.228421],[-76.486947,44.228401],[-76.486933,44.228417],[-76.486878,44.228391],[-76.486889,44.22838],[-76.48683,44.228352],[-76.486848,44.228332],[-76.486843,44.22833],[-76.486893,44.228274],[-76.487016,44.228331],[-76.486974,44.228378],[-76.487012,44.228396],[-76.486991,44.228421]]]}},{"type":"Feature","id":175,"properties":{"name":null,"levels":3,"height":12.6},"geometry":{"type":"Polygon","coordinates":[[[-76.487064,44.228319],[-76.487025,44.228299],[-76.487019,44.228307],[-76.486914,44.228256],[-76.486954,44.228212],[-76.487098,44.228282],[-76.487064,44.228319]]]}},{"type":"Feature","id":176,"properties":{"name":null,"levels":3,"height":12.6},"geometry":{"type":"Polygon","coordinates":[[[-76.487356,44.228167],[-76.487238,44.228114],[-76.487224,44.22813],[-76.487101,44.228074],[-76.487114,44.228059],[-76.487101,44.228053],[-76.487133,44.228014],[-76.487146,44.228019],[-76.487238,44.227912],[-76.487363,44.227968],[-76.487369,44.22799],[-76.487443,44.228023],[-76.487407,44.228063],[-76.487378,44.22805],[-76.487335,44.228098],[-76.487394,44.228125],[-76.487356,44.228167]]]}},{"type":"Feature","id":177,"properties":{"name":null,"levels":3,"height":12.6},"geometry":{"type":"Polygon","coordinates":[[[-76.487272,44.228308],[-76.487121,44.228241],[-76.487108,44.228256],[-76.486987,44.228202],[-76.48709,44.228084],[-76.487208,44.228137],[-76.48719,44.228156],[-76.48732,44.228214],[-76.487311,44.228225],[-76.487337,44.228236],[-76.487313,44.228262],[-76.487285,44.22825],[-76.487281,44.228255],[-76.487308,44.228267],[-76.487272,44.228308]]]}},{"type":"Feature","id":178,"properties":{"name":null,"levels":3,"height":12.6},"geometry":{"type":"Polygon","coordinates":[[[-76.487344,44.228394],[-76.487271,44.228359],[-76.487402,44.228213],[-76.487408,44.228206],[-76.487411,44.228208],[-76.487457,44.228156],[-76.48752,44.228186],[-76.487474,44.228237],[-76.487483,44.22824],[-76.487344,44.228394]]]}},{"type":"Feature","id":179,"properties":{"name":null,"levels":3,"height":12.6},"geometry":{"type":"Polygon","coordinates":[[[-76.487749,44.227883],[-76.487684,44.227853],[-76.487765,44.22776],[-76.487832,44.227789],[-76.487749,44.227883]]]}},{"type":"Feature","id":180,"properties":{"name":null,"levels":3,"height":12.6},"geometry":{"type":"Polygon","coordinates":[[[-76.488021,44.227627],[-76.487894,44.227568],[-76.487955,44.227499],[-76.488083,44.227556],[-76.488021,44.227627]]]}},{"type":"Feature","id":181,"properties":{"name":null,"levels":3,"height":12.6},"geometry":{"type":"Polygon","coordinates":[[[-76.487984,44.227858],[-76.487918,44.22783],[-76.487996,44.227738],[-76.488063,44.227766],[-76.487984,44.227858]]]}},{"type":"Feature","id":182,"properties":{"name":null,"levels":3,"height":12.6},"geometry":{"type":"Polygon","coordinates":[[[-76.487926,44.227976],[-76.487847,44.227943],[-76.487908,44.22787],[-76.487985,44.227903],[-76.487959,44.227934],[-76.487926,44.227976]]]}},{"type":"Feature","id":183,"properties":{"name":null,"levels":3,"height":12.6},"geometry":{"type":"Polygon","coordinates":[[[-76.487686,44.228245],[-76.487612,44.228229],[-76.487635,44.228171],[-76.487649,44.228174],[-76.487664,44.228137],[-76.487761,44.228158],[-76.487744,44.2282],[-76.487707,44.228192],[-76.487686,44.228245]]]}},{"type":"Feature","id":184,"properties":{"name":null,"levels":3,"height":12.6},"geometry":{"type":"Polygon","coordinates":[[[-76.488077,44.228362],[-76.487922,44.228337],[-76.487929,44.228312],[-76.487824,44.228295],[-76.487839,44.228243],[-76.487819,44.22824],[-76.487829,44.228207],[-76.487886,44.228215],[-76.487888,44.228211],[-76.487981,44.228226],[-76.487985,44.228213],[-76.487971,44.228211],[-76.487978,44.228188],[-76.487917,44.228179],[-76.487933,44.228125],[-76.487996,44.228135],[-76.488009,44.228093],[-76.488016,44.228095],[-76.488036,44.228029],[-76.488008,44.228025],[-76.488021,44.227981],[-76.488063,44.227989],[-76.488058,44.228006],[-76.488074,44.228008],[-76.488209,44.228029],[-76.488174,44.228144],[-76.48819,44.228146],[-76.488187,44.228157],[-76.488192,44.228158],[-76.488184,44.228182],[-76.488176,44.228181],[-76.488158,44.228241],[-76.488119,44.228235],[-76.488105,44.22828],[-76.488123,44.228282],[-76.488105,44.228339],[-76.488085,44.228337],[-76.488077,44.228362]]]}},{"type":"Feature","id":185,"properties":{"name":null,"levels":3,"height":12.6},"geometry":{"type":"Polygon","coordinates":[[[-76.48808,44.228569],[-76.487983,44.228554],[-76.487982,44.228559],[-76.487901,44.228546],[-76.487905,44.228533],[-76.487837,44.228522],[-76.487851,44.228475],[-76.487915,44.228485],[-76.487916,44.228481],[-76.487893,44.228477],[-76.487903,44.228449],[-76.487923,44.228453],[-76.487936,44.228411],[-76.487878,44.228402],[-76.487893,44.228353],[-76.487982,44.228367],[-76.487987,44.22835],[-76.488121,44.228371],[-76.488114,44.228392],[-76.488125,44.228394],[-76.488106,44.228456],[-76.4881,44.228456],[-76.488078,44.228529],[-76.488091,44.22853],[-76.48808,44.228569]]]}},{"type":"Feature","id":186,"properties":{"name":null,"levels":3,"height":12.6},"geometry":{"type":"Polygon","coordinates":[[[-76.487096,44.228613],[-76.48704,44.228602],[-76.487038,44.228609],[-76.486995,44.228601],[-76.486999,44.228591],[-76.486946,44.22858],[-76.486979,44.228495],[-76.487037,44.228507],[-76.487045,44.228487],[-76.487123,44.228503],[-76.487144,44.228459],[-76.487198,44.228471],[-76.487242,44.228427],[-76.487293,44.228454],[-76.487239,44.228506],[-76.487226,44.228505],[-76.487207,44.228554],[-76.487192,44.228575],[-76.487163,44.228565],[-76.487173,44.228547],[-76.487126,44.228539],[-76.487096,44.228613]]]}},{"type":"Feature","id":187,"properties":{"name":null,"levels":3,"height":12.6},"geometry":{"type":"Polygon","coordinates":[[[-76.487,44.229016],[-76.486966,44.229],[-76.486993,44.22897],[-76.48697,44.22896],[-76.486947,44.228987],[-76.486898,44.228965],[-76.486925,44.228935],[-76.486931,44.228938],[-76.486954,44.228913],[-76.486969,44.22892],[-76.487047,44.228831],[-76.487174,44.228888],[-76.4871,44.228973],[-76.487057,44.228954],[-76.487,44.229016]]]}},{"type":"Feature","id":188,"properties":{"name":null,"levels":3,"height":12.6},"geometry":{"type":"Polygon","coordinates":[[[-76.487226,44.229139],[-76.487026,44.229093],[-76.487083,44.229021],[-76.48711,44.229027],[-76.487136,44.228962],[-76.487222,44.228864],[-76.487333,44.228888],[-76.487263,44.229061],[-76.487259,44.229071],[-76.487254,44.22907],[-76.487226,44.229139]]]}},{"type":"Feature","id":189,"properties":{"name":null,"levels":3,"height":12.6},"geometry":{"type":"Polygon","coordinates":[[[-76.48769,44.228721],[-76.487625,44.228707],[-76.487631,44.228694],[-76.487579,44.228683],[-76.487597,44.22864],[-76.487556,44.228631],[-76.487535,44.228677],[-76.487533,44.228675],[-76.487452,44.228659],[-76.487446,44.228672],[-76.487412,44.228665],[-76.487419,44.228649],[-76.487374,44.228639],[-76.487368,44.228652],[-76.487327,44.228644],[-76.487334,44.228629],[-76.487281,44.228618],[-76.487326,44.228513],[-76.487561,44.228564],[-76.487573,44.228524],[-76.487647,44.22854],[-76.487636,44.228565],[-76.487709,44.22858],[-76.487712,44.228579],[-76.48772,44.228558],[-76.487763,44.228567],[-76.487771,44.228547],[-76.487809,44.228555],[-76.48779,44.228597],[-76.487788,44.228598],[-76.487739,44.228713],[-76.487698,44.228706],[-76.48769,44.228721]]]}},{"type":"Feature","id":190,"properties":{"name":null,"levels":3,"height":12.6},"geometry":{"type":"Polygon","coordinates":[[[-76.488001,44.228773],[-76.487792,44.228728],[-76.487856,44.22858],[-76.48786,44.228571],[-76.487854,44.22857],[-76.487866,44.228542],[-76.487967,44.228564],[-76.487937,44.228634],[-76.487992,44.228646],[-76.488012,44.228599],[-76.488068,44.228612],[-76.488001,44.228773]]]}},{"type":"Feature","id":191,"properties":{"name":"Annandale Court","levels":3,"height":12.6},"geometry":{"type":"Polygon","coordinates":[[[-76.487755,44.229261],[-76.487708,44.229256],[-76.487712,44.229237],[-76.487636,44.229227],[-76.487655,44.229151],[-76.48773,44.229161],[-76.487739,44.229123],[-76.487636,44.22911],[-76.4876478,44.2290632],[-76.487668,44.228983],[-76.487771,44.228997],[-76.487799,44.228984],[-76.487835,44.228988],[-76.487856,44.22901],[-76.487902,44.229016],[-76.487887,44.229073],[-76.487873,44.229071],[-76.487859,44.229129],[-76.487895,44.229134],[-76.487868,44.22924],[-76.487849,44.229238],[-76.487831,44.229242],[-76.487812,44.229239],[-76.4878,44.229231],[-76.487765,44.229226],[-76.487755,44.229261]]]}},{"type":"Feature","id":192,"properties":{"name":null,"levels":3,"height":12.6},"geometry":{"type":"Polygon","coordinates":[[[-76.488155,44.22788],[-76.488087,44.227818],[-76.48816,44.227779],[-76.488147,44.227767],[-76.488191,44.227744],[-76.488164,44.227719],[-76.488238,44.227679],[-76.488265,44.227704],[-76.488268,44.227703],[-76.48838,44.227808],[-76.488259,44.227876],[-76.488224,44.227843],[-76.488155,44.22788]]]}},{"type":"Feature","id":193,"properties":{"name":null,"levels":3,"height":12.6},"geometry":{"type":"Polygon","coordinates":[[[-76.488654,44.228357],[-76.488627,44.228332],[-76.488599,44.228348],[-76.48855,44.228302],[-76.488551,44.228281],[-76.488576,44.228268],[-76.48856,44.228254],[-76.488575,44.228234],[-76.488553,44.228213],[-76.48862,44.228176],[-76.488649,44.228204],[-76.488684,44.228185],[-76.488705,44.228206],[-76.488673,44.228223],[-76.488703,44.228251],[-76.488698,44.228275],[-76.488707,44.228283],[-76.488693,44.228291],[-76.488711,44.228309],[-76.488698,44.228315],[-76.488711,44.228327],[-76.488654,44.228357]]]}},{"type":"Feature","id":194,"properties":{"name":null,"levels":3,"height":12.6},"geometry":{"type":"Polygon","coordinates":[[[-76.4889861,44.2282056],[-76.488968,44.228181],[-76.488957,44.228185],[-76.488881,44.228081],[-76.488905,44.228072],[-76.488863,44.228014],[-76.488911,44.227997],[-76.488899,44.227982],[-76.4889264,44.2279715],[-76.488951,44.227963],[-76.488957,44.227973],[-76.489005,44.227956],[-76.489049,44.228018],[-76.489072,44.22801],[-76.489078,44.228017],[-76.489167,44.227984],[-76.489192,44.227974],[-76.489189,44.227971],[-76.4892182,44.2279601],[-76.489259,44.227945],[-76.489327,44.228041],[-76.489134,44.228112],[-76.489156,44.228144],[-76.4889861,44.2282056]]]}},{"type":"Feature","id":195,"properties":{"name":"Clyde Terrace","levels":3,"height":12.6},"geometry":{"type":"Polygon","coordinates":[[[-76.488379,44.228874],[-76.4882574,44.2288474],[-76.488294,44.228704],[-76.488329,44.228585],[-76.488454,44.228604],[-76.48845,44.228618],[-76.488553,44.228634],[-76.488541,44.228677],[-76.488438,44.228662],[-76.488433,44.228678],[-76.488496,44.228687],[-76.488484,44.22873],[-76.488422,44.228721],[-76.488379,44.228874]]]}},{"type":"Feature","id":196,"properties":{"name":null,"levels":3,"height":12.6},"geometry":{"type":"Polygon","coordinates":[[[-76.488684,44.228913],[-76.488643,44.228905],[-76.488649,44.22889],[-76.488592,44.228879],[-76.488605,44.228847],[-76.488518,44.228829],[-76.488544,44.228763],[-76.488572,44.228769],[-76.488593,44.228718],[-76.488603,44.228721],[-76.488614,44.228695],[-76.488697,44.228713],[-76.488686,44.228738],[-76.488693,44.22874],[-76.488675,44.228782],[-76.488789,44.228806],[-76.488747,44.228912],[-76.48869,44.228899],[-76.488684,44.228913]]]}},{"type":"Feature","id":197,"properties":{"name":"The Rosemount Inn","levels":3,"height":12.6},"geometry":{"type":"Polygon","coordinates":[[[-76.488437,44.229436],[-76.488337,44.229424],[-76.488358,44.229331],[-76.48829,44.229321],[-76.488283,44.229346],[-76.488203,44.229335],[-76.488222,44.229258],[-76.488217,44.229258],[-76.48823,44.22921],[-76.488275,44.229217],[-76.48828,44.229196],[-76.488273,44.229187],[-76.488277,44.229175],[-76.488308,44.22916],[-76.488349,44.229164],[-76.488367,44.229183],[-76.488446,44.229194],[-76.488434,44.229244],[-76.488484,44.22925],[-76.488437,44.229436]]]}},{"type":"Feature","id":198,"properties":{"name":null,"levels":3,"height":12.6},"geometry":{"type":"Polygon","coordinates":[[[-76.488625,44.229395],[-76.488566,44.229384],[-76.488564,44.229392],[-76.488496,44.229377],[-76.488515,44.22934],[-76.488542,44.229275],[-76.488485,44.229263],[-76.4885306,44.2291494],[-76.4887607,44.2291944],[-76.4887016,44.2293449],[-76.4886467,44.2293355],[-76.488625,44.229395]]]}},{"type":"Feature","id":199,"properties":{"name":null,"levels":3,"height":12.6},"geometry":{"type":"Polygon","coordinates":[[[-76.488847,44.229491],[-76.48868,44.22947],[-76.488699,44.22939],[-76.488734,44.229394],[-76.488866,44.229412],[-76.488847,44.229491]]]}},{"type":"Feature","id":200,"properties":{"name":null,"levels":3,"height":12.6},"geometry":{"type":"Polygon","coordinates":[[[-76.488954,44.228744],[-76.488913,44.22867],[-76.489007,44.228639],[-76.489028,44.228681],[-76.488986,44.228693],[-76.489006,44.228729],[-76.488954,44.228744]]]}},{"type":"Feature","id":201,"properties":{"name":null,"levels":3,"height":12.6},"geometry":{"type":"Polygon","coordinates":[[[-76.489004,44.228823],[-76.48898,44.228818],[-76.489008,44.228737],[-76.489095,44.228753],[-76.489086,44.228817],[-76.489017,44.228801],[-76.489009,44.228823],[-76.489004,44.228823]]]}},{"type":"Feature","id":202,"properties":{"name":null,"levels":3,"height":12.6},"geometry":{"type":"Polygon","coordinates":[[[-76.488883,44.228959],[-76.488855,44.228954],[-76.488859,44.228941],[-76.488803,44.228931],[-76.488835,44.22883],[-76.488818,44.228827],[-76.488826,44.228802],[-76.488917,44.228817],[-76.488914,44.228827],[-76.48896,44.228834],[-76.488939,44.228897],[-76.488921,44.228893],[-76.488902,44.228947],[-76.488888,44.228945],[-76.488883,44.228959]]]}},{"type":"Feature","id":203,"properties":{"name":null,"levels":3,"height":12.6},"geometry":{"type":"Polygon","coordinates":[[[-76.489234,44.229058],[-76.489219,44.229054],[-76.48921,44.229046],[-76.489206,44.229057],[-76.488911,44.228995],[-76.48895,44.228901],[-76.488989,44.228909],[-76.488989,44.228865],[-76.489042,44.228875],[-76.489044,44.228923],[-76.489233,44.228963],[-76.489226,44.228979],[-76.489256,44.228986],[-76.489269,44.229006],[-76.489255,44.229038],[-76.489255,44.229044],[-76.489249,44.229053],[-76.489234,44.229058]]]}},{"type":"Feature","id":204,"properties":{"name":null,"levels":3,"height":12.6},"geometry":{"type":"Polygon","coordinates":[[[-76.489426,44.228835],[-76.489361,44.228769],[-76.489515,44.22869],[-76.489506,44.22868],[-76.489676,44.228594],[-76.48975,44.228671],[-76.489426,44.228835]]]}},{"type":"Feature","id":205,"properties":{"name":null,"levels":3,"height":12.6},"geometry":{"type":"Polygon","coordinates":[[[-76.489195,44.229477],[-76.489133,44.229464],[-76.489158,44.229403],[-76.488988,44.229368],[-76.489038,44.229246],[-76.489225,44.229284],[-76.489192,44.229362],[-76.489237,44.229372],[-76.489195,44.229477]]]}},{"type":"Feature","id":206,"properties":{"name":null,"levels":3,"height":12.6},"geometry":{"type":"Polygon","coordinates":[[[-76.489327,44.229513],[-76.4892,44.229487],[-76.489275,44.2293],[-76.489448,44.229336],[-76.489445,44.229341],[-76.489467,44.229345],[-76.489427,44.229443],[-76.489403,44.229438],[-76.489399,44.229446],[-76.489358,44.229438],[-76.489327,44.229513]]]}},{"type":"Feature","id":207,"properties":{"name":null,"levels":3,"height":12.6},"geometry":{"type":"Polygon","coordinates":[[[-76.490781,44.226004],[-76.490781,44.226002],[-76.490765,44.226004],[-76.490761,44.225952],[-76.490766,44.225952],[-76.4907655,44.2259454],[-76.490764,44.225926],[-76.490773,44.225925],[-76.490767,44.225864],[-76.490756,44.225864],[-76.4907554,44.2258589],[-76.490754,44.225846],[-76.490767,44.225845],[-76.490767,44.225841],[-76.490953,44.225833],[-76.490955,44.225862],[-76.4909,44.225865],[-76.49091,44.225999],[-76.490781,44.226004]]]}},{"type":"Feature","id":208,"properties":{"name":null,"levels":4,"height":16.8},"geometry":{"type":"Polygon","coordinates":[[[-76.491129,44.227234],[-76.491128,44.227226],[-76.490953,44.227234],[-76.490953,44.227229],[-76.490923,44.22723],[-76.49092,44.227182],[-76.490957,44.22718],[-76.490956,44.227169],[-76.490954,44.227152],[-76.49098,44.22715],[-76.491121,44.227145],[-76.491122,44.227161],[-76.491188,44.227158],[-76.491195,44.227231],[-76.491129,44.227234]]]}},{"type":"Feature","id":209,"properties":{"name":null,"levels":3,"height":12.6},"geometry":{"type":"Polygon","coordinates":[[[-76.4898623,44.2290463],[-76.4898492,44.2290779],[-76.4898428,44.2290765],[-76.4898074,44.2290689],[-76.489799,44.2290673],[-76.4898108,44.2290356],[-76.4898623,44.2290463]]]}},{"type":"Feature","id":210,"properties":{"name":null,"levels":3,"height":12.6},"geometry":{"type":"Polygon","coordinates":[[[-76.490999,44.228248],[-76.490998,44.228176],[-76.491017,44.228175],[-76.491017,44.22817],[-76.491177,44.228169],[-76.491178,44.228225],[-76.491122,44.228225],[-76.491122,44.228247],[-76.490999,44.228248]]]}},{"type":"Feature","id":211,"properties":{"name":null,"levels":3,"height":12.6},"geometry":{"type":"Polygon","coordinates":[[[-76.4911469,44.2279864],[-76.4911465,44.2279975],[-76.491268,44.2279998],[-76.4912649,44.2280845],[-76.491213,44.2280836],[-76.4912128,44.228089],[-76.4911704,44.2280882],[-76.4911701,44.2280981],[-76.4911658,44.228098],[-76.4910157,44.2280952],[-76.4910166,44.22807],[-76.4909964,44.2280696],[-76.4909986,44.2280078],[-76.491017,44.2280081],[-76.4910179,44.227984],[-76.4911469,44.2279864]]]}},{"type":"Feature","id":212,"properties":{"name":"Old Farms Fine Foods","levels":3,"height":12.6},"geometry":{"type":"Polygon","coordinates":[[[-76.491063,44.228997],[-76.491056,44.228915],[-76.491137,44.228916],[-76.491142,44.228949],[-76.491162,44.228948],[-76.491164,44.228969],[-76.491142,44.22897],[-76.491144,44.228995],[-76.491063,44.228997]]]}},{"type":"Feature","id":213,"properties":{"name":null,"levels":3,"height":12.6},"geometry":{"type":"Polygon","coordinates":[[[-76.491407,44.228994],[-76.491254,44.228988],[-76.49126,44.228923],[-76.491411,44.228929],[-76.491407,44.228994]]]}},{"type":"Feature","id":214,"properties":{"name":null,"levels":3,"height":12.6},"geometry":{"type":"Polygon","coordinates":[[[-76.491608,44.229039],[-76.491528,44.229035],[-76.491535,44.228977],[-76.491526,44.228976],[-76.49153,44.228933],[-76.491542,44.228931],[-76.491621,44.228935],[-76.491612,44.229023],[-76.49161,44.229023],[-76.491608,44.229039]]]}},{"type":"Feature","id":215,"properties":{"name":"Chalmers Church House","levels":2,"height":8.4},"geometry":{"type":"Polygon","coordinates":[[[-76.4911659,44.2291569],[-76.4911,44.2291544],[-76.491103,44.2291134],[-76.4911095,44.2291136],[-76.4911115,44.229087],[-76.4912081,44.2290906],[-76.4912769,44.2290932],[-76.4913295,44.2290952],[-76.4913265,44.2291369],[-76.4912809,44.2291352],[-76.491279,44.2291611],[-76.4912109,44.2291586],[-76.4911659,44.2291569]]]}},{"type":"Feature","id":216,"properties":{"name":null,"levels":3,"height":12.6},"geometry":{"type":"Polygon","coordinates":[[[-76.491702,44.229046],[-76.491701,44.229025],[-76.491628,44.229026],[-76.491625,44.228952],[-76.491739,44.228951],[-76.491743,44.229045],[-76.491702,44.229046]]]}},{"type":"Feature","id":217,"properties":{"name":null,"levels":3,"height":12.6},"geometry":{"type":"Polygon","coordinates":[[[-76.492085,44.229125],[-76.49201,44.229125],[-76.49201,44.229087],[-76.491916,44.229086],[-76.491917,44.228982],[-76.492007,44.228982],[-76.492007,44.228966],[-76.492097,44.228966],[-76.492096,44.229041],[-76.492086,44.229041],[-76.492085,44.229125]]]}},{"type":"Feature","id":218,"properties":{"name":null,"levels":3,"height":12.6},"geometry":{"type":"Polygon","coordinates":[[[-76.492155,44.229117],[-76.492155,44.229085],[-76.492137,44.229085],[-76.492133,44.228966],[-76.492258,44.228964],[-76.492261,44.229037],[-76.492246,44.229038],[-76.492248,44.229084],[-76.492228,44.229084],[-76.49223,44.229116],[-76.492155,44.229117]]]}},{"type":"Feature","id":219,"properties":{"name":null,"levels":3,"height":12.6},"geometry":{"type":"Polygon","coordinates":[[[-76.4920847,44.2241567],[-76.4920753,44.2241231],[-76.4920566,44.2241258],[-76.4920552,44.2239979],[-76.4921379,44.2239856],[-76.4921307,44.2239599],[-76.4925542,44.2238989],[-76.4925644,44.2239351],[-76.4925946,44.2239308],[-76.4926188,44.2239273],[-76.4926593,44.2240717],[-76.4926098,44.2240788],[-76.4926131,44.2240906],[-76.492477,44.2241102],[-76.4923182,44.2241331],[-76.4923155,44.2241234],[-76.4922999,44.2241262],[-76.4921457,44.2241472],[-76.4920847,44.2241567]]]}},{"type":"Feature","id":220,"properties":{"name":"Richardson Laboratory","levels":3,"height":12.6},"geometry":{"type":"Polygon","coordinates":[[[-76.4934083,44.2244212],[-76.4933722,44.2242894],[-76.4933842,44.2242874],[-76.4933722,44.2242428],[-76.4935421,44.2242186],[-76.4935589,44.2242799],[-76.4935958,44.2242744],[-76.493578,44.2242135],[-76.4936562,44.2242025],[-76.4937396,44.2241904],[-76.4937561,44.2242487],[-76.4937883,44.2243694],[-76.4934083,44.2244212]]]}},{"type":"Feature","id":221,"properties":{"name":null,"levels":3,"height":12.6},"geometry":{"type":"Polygon","coordinates":[[[-76.4947636,44.2236876],[-76.4947596,44.2236676],[-76.4946286,44.2236866],[-76.4946016,44.2235866],[-76.4949146,44.2235426],[-76.4949466,44.2236616],[-76.4947636,44.2236876]]]}},{"type":"Feature","id":222,"properties":{"name":null,"levels":3,"height":12.6},"geometry":{"type":"Polygon","coordinates":[[[-76.495288,44.223299],[-76.495273,44.223212],[-76.495277,44.223212],[-76.495275,44.2232],[-76.49526,44.223109],[-76.495318,44.223104],[-76.495315,44.223091],[-76.495377,44.223087],[-76.495379,44.223098],[-76.495436,44.223094],[-76.49544,44.223112],[-76.495492,44.223108],[-76.495502,44.223166],[-76.495449,44.22317],[-76.495454,44.223188],[-76.49543,44.22319],[-76.495384,44.223232],[-76.495392,44.223291],[-76.495288,44.223299]]]}},{"type":"Feature","id":223,"properties":{"name":null,"levels":3,"height":12.6},"geometry":{"type":"Polygon","coordinates":[[[-76.495755,44.223179],[-76.495745,44.223128],[-76.495665,44.223136],[-76.495659,44.223109],[-76.495655,44.22311],[-76.495639,44.223027],[-76.495654,44.223026],[-76.495652,44.223022],[-76.495705,44.223017],[-76.495705,44.223023],[-76.49573,44.223021],[-76.495733,44.223036],[-76.495785,44.223031],[-76.495811,44.223174],[-76.495755,44.223179]]]}},{"type":"Feature","id":224,"properties":{"name":null,"levels":3,"height":12.6},"geometry":{"type":"Polygon","coordinates":[[[-76.495906,44.223165],[-76.495896,44.223094],[-76.495842,44.223099],[-76.495825,44.223007],[-76.495877,44.223002],[-76.495876,44.222998],[-76.495921,44.222994],[-76.495925,44.223015],[-76.495969,44.223011],[-76.495973,44.22303],[-76.495986,44.223029],[-76.496009,44.223153],[-76.495906,44.223165]]]}},{"type":"Feature","id":225,"properties":{"name":null,"levels":3,"height":12.6},"geometry":{"type":"Polygon","coordinates":[[[-76.495905,44.223292],[-76.495895,44.223215],[-76.495989,44.223209],[-76.495999,44.223286],[-76.495905,44.223292]]]}},{"type":"Feature","id":226,"properties":{"name":null,"levels":3,"height":12.6},"geometry":{"type":"Polygon","coordinates":[[[-76.496034,44.223273],[-76.496014,44.223162],[-76.49605,44.223159],[-76.496043,44.223122],[-76.496118,44.223115],[-76.496125,44.223151],[-76.496133,44.22315],[-76.496153,44.223262],[-76.496034,44.223273]]]}},{"type":"Feature","id":227,"properties":{"name":null,"levels":3,"height":12.6},"geometry":{"type":"Polygon","coordinates":[[[-76.496942,44.22312],[-76.496939,44.223103],[-76.496911,44.223105],[-76.496901,44.223047],[-76.496894,44.223048],[-76.496892,44.223037],[-76.496886,44.223038],[-76.49688,44.223005],[-76.496888,44.223005],[-76.496885,44.222993],[-76.496894,44.222992],[-76.496888,44.222954],[-76.496936,44.22295],[-76.496933,44.222938],[-76.497002,44.222933],[-76.497004,44.222943],[-76.497052,44.222939],[-76.497073,44.223056],[-76.497014,44.223061],[-76.497019,44.223096],[-76.496991,44.223098],[-76.496994,44.223116],[-76.496942,44.22312]]]}},{"type":"Feature","id":228,"properties":{"name":null,"levels":3,"height":12.6},"geometry":{"type":"Polygon","coordinates":[[[-76.496788,44.223182],[-76.496771,44.223111],[-76.496755,44.223113],[-76.496754,44.223105],[-76.496707,44.223111],[-76.49668,44.222983],[-76.496729,44.222977],[-76.496728,44.222964],[-76.496795,44.222957],[-76.496797,44.222957],[-76.496826,44.223095],[-76.496863,44.223091],[-76.496879,44.223172],[-76.496788,44.223182]]]}},{"type":"Feature","id":229,"properties":{"name":null,"levels":3,"height":12.6},"geometry":{"type":"Polygon","coordinates":[[[-76.497111,44.223065],[-76.497079,44.222896],[-76.497125,44.222892],[-76.497121,44.222871],[-76.497176,44.222865],[-76.497179,44.22288],[-76.497211,44.222877],[-76.49722,44.222883],[-76.497241,44.222881],[-76.497243,44.222889],[-76.497284,44.222885],[-76.497301,44.222977],[-76.497287,44.222978],[-76.497298,44.223031],[-76.497194,44.22304],[-76.497189,44.223041],[-76.497192,44.223056],[-76.497111,44.223065]]]}},{"type":"Feature","id":230,"properties":{"name":null,"levels":3,"height":12.6},"geometry":{"type":"Polygon","coordinates":[[[-76.49756,44.223028],[-76.497559,44.223018],[-76.497463,44.223026],[-76.497449,44.222928],[-76.497503,44.222925],[-76.497501,44.22291],[-76.497541,44.222907],[-76.497544,44.222922],[-76.497595,44.222919],[-76.497609,44.223011],[-76.497609,44.223016],[-76.497605,44.223016],[-76.497607,44.223025],[-76.49756,44.223028]]]}},{"type":"Feature","id":231,"properties":{"name":null,"levels":3,"height":12.6},"geometry":{"type":"Polygon","coordinates":[[[-76.497656,44.223063],[-76.497653,44.223028],[-76.497647,44.223029],[-76.497644,44.223014],[-76.497632,44.222922],[-76.49764,44.222921],[-76.497637,44.2229],[-76.497741,44.222893],[-76.497758,44.223018],[-76.497758,44.22302],[-76.497751,44.22302],[-76.497756,44.223056],[-76.497656,44.223063]]]}},{"type":"Feature","id":232,"properties":{"name":null,"levels":3,"height":12.6},"geometry":{"type":"Polygon","coordinates":[[[-76.496329,44.223872],[-76.496327,44.223861],[-76.496298,44.223862],[-76.496294,44.223805],[-76.496264,44.223805],[-76.496259,44.223738],[-76.496395,44.223733],[-76.496397,44.223745],[-76.496456,44.223742],[-76.496455,44.223737],[-76.496535,44.223734],[-76.496532,44.223687],[-76.496596,44.223685],[-76.496605,44.223812],[-76.496591,44.223812],[-76.496592,44.223837],[-76.496537,44.223839],[-76.496518,44.223848],[-76.496482,44.223849],[-76.496462,44.22384],[-76.49646,44.223825],[-76.496395,44.223828],[-76.496399,44.223869],[-76.496329,44.223872]]]}},{"type":"Feature","id":233,"properties":{"name":null,"levels":3,"height":12.6},"geometry":{"type":"Polygon","coordinates":[[[-76.492366,44.229143],[-76.492307,44.229141],[-76.49231,44.22911],[-76.492289,44.229109],[-76.492293,44.229065],[-76.492276,44.229065],[-76.492281,44.228988],[-76.492314,44.228989],[-76.492316,44.228974],[-76.492381,44.228977],[-76.492379,44.228991],[-76.492414,44.228993],[-76.492407,44.229071],[-76.492396,44.22907],[-76.492393,44.229114],[-76.492369,44.229113],[-76.492366,44.229143]]]}},{"type":"Feature","id":234,"properties":{"name":null,"levels":3,"height":12.6},"geometry":{"type":"Polygon","coordinates":[[[-76.492471,44.229135],[-76.492435,44.229134],[-76.492442,44.229062],[-76.492422,44.229062],[-76.492428,44.228992],[-76.492502,44.228994],[-76.492496,44.22906],[-76.492508,44.229061],[-76.492506,44.229105],[-76.492474,44.229103],[-76.492471,44.229135]]]}},{"type":"Feature","id":235,"properties":{"name":null,"levels":3,"height":12.6},"geometry":{"type":"Polygon","coordinates":[[[-76.49265,44.229154],[-76.492573,44.229151],[-76.492579,44.229087],[-76.492544,44.229085],[-76.492553,44.228998],[-76.492665,44.229004],[-76.49265,44.229154]]]}},{"type":"Feature","id":236,"properties":{"name":null,"levels":3,"height":12.6},"geometry":{"type":"Polygon","coordinates":[[[-76.49279,44.229167],[-76.492738,44.229165],[-76.492739,44.229135],[-76.492717,44.229134],[-76.492719,44.229089],[-76.492697,44.229089],[-76.492702,44.229004],[-76.492722,44.229004],[-76.492801,44.229007],[-76.49279,44.229167]]]}},{"type":"Feature","id":237,"properties":{"name":null,"levels":3,"height":12.6},"geometry":{"type":"Polygon","coordinates":[[[-76.492922,44.229099],[-76.492806,44.229095],[-76.492813,44.228995],[-76.492887,44.228998],[-76.492886,44.229032],[-76.492927,44.229034],[-76.492922,44.229099]]]}},{"type":"Feature","id":238,"properties":{"name":null,"levels":3,"height":12.6},"geometry":{"type":"Polygon","coordinates":[[[-76.492888,44.229386],[-76.49269,44.229378],[-76.492696,44.229309],[-76.49291,44.229317],[-76.492908,44.229352],[-76.492891,44.229351],[-76.492888,44.229386]]]}},{"type":"Feature","id":239,"properties":{"name":"Queen's Community Housing","levels":3,"height":12.6},"geometry":{"type":"Polygon","coordinates":[[[-76.495262,44.229133],[-76.495262,44.229126],[-76.495233,44.229126],[-76.495233,44.229094],[-76.495176,44.229095],[-76.495176,44.229025],[-76.49526,44.229025],[-76.495282,44.229019],[-76.495282,44.229013],[-76.495317,44.229012],[-76.495316,44.228995],[-76.4953277,44.2289951],[-76.495417,44.228996],[-76.495418,44.229035],[-76.495427,44.229042],[-76.495426,44.229061],[-76.495409,44.229072],[-76.4954093,44.2290906],[-76.49541,44.229131],[-76.495262,44.229133]]]}},{"type":"Feature","id":240,"properties":{"name":null,"levels":3,"height":12.6},"geometry":{"type":"Polygon","coordinates":[[[-76.495297,44.229266],[-76.495296,44.229247],[-76.495251,44.229247],[-76.49525,44.229184],[-76.49529,44.229184],[-76.495289,44.229164],[-76.495422,44.229163],[-76.495424,44.229247],[-76.4954064,44.2292483],[-76.495407,44.229265],[-76.495297,44.229266]]]}},{"type":"Feature","id":241,"properties":{"name":"former Kingston Collegiate Vocational Institute","levels":3,"height":12.6},"geometry":{"type":"Polygon","coordinates":[[[-76.497312,44.229685],[-76.497292,44.229332],[-76.497376,44.229329],[-76.497374,44.229295],[-76.497361,44.229295],[-76.497346,44.229019],[-76.497617,44.229011],[-76.497621,44.229082],[-76.497721,44.229079],[-76.497716,44.228975],[-76.49791,44.228969],[-76.497891,44.22864],[-76.498137,44.228633],[-76.498147,44.228761],[-76.498198,44.229634],[-76.497816,44.229646],[-76.497808,44.229515],[-76.497697,44.229519],[-76.497701,44.229562],[-76.497672,44.229563],[-76.497679,44.229673],[-76.497312,44.229685]]]}},{"type":"Feature","id":242,"properties":{"name":null,"levels":3,"height":12.6},"geometry":{"type":"Polygon","coordinates":[[[-76.5019986,44.2210704],[-76.5019846,44.2209534],[-76.5021116,44.2209454],[-76.5021256,44.2210624],[-76.5019986,44.2210704]]]}},{"type":"Feature","id":243,"properties":{"name":null,"levels":3,"height":12.6},"geometry":{"type":"Polygon","coordinates":[[[-76.503105,44.221195],[-76.503093,44.221101],[-76.503267,44.22109],[-76.503273,44.221089],[-76.503284,44.221184],[-76.503105,44.221195]]]}},{"type":"Feature","id":244,"properties":{"name":null,"levels":3,"height":12.6},"geometry":{"type":"Polygon","coordinates":[[[-76.503512,44.22157],[-76.503496,44.221466],[-76.503524,44.221465],[-76.503509,44.221375],[-76.503689,44.22136],[-76.503706,44.22147],[-76.503601,44.221478],[-76.503614,44.221561],[-76.503512,44.22157]]]}},{"type":"Feature","id":245,"properties":{"name":null,"levels":3,"height":12.6},"geometry":{"type":"Polygon","coordinates":[[[-76.5037515,44.2214935],[-76.5037351,44.2213589],[-76.5037495,44.2213466],[-76.5037765,44.2213448],[-76.5037936,44.2213536],[-76.503796,44.2213643],[-76.5038481,44.2213597],[-76.5038431,44.2213333],[-76.5039152,44.2213284],[-76.5039191,44.221359],[-76.503925,44.221402],[-76.503934,44.221472],[-76.503792,44.221481],[-76.5037935,44.2214908],[-76.5037515,44.2214935]]]}},{"type":"Feature","id":246,"properties":{"name":null,"levels":3,"height":12.6},"geometry":{"type":"Polygon","coordinates":[[[-76.503995,44.221558],[-76.503982,44.221448],[-76.504028,44.221446],[-76.504022,44.221391],[-76.504032,44.221391],[-76.50403,44.221379],[-76.504175,44.221371],[-76.504177,44.221384],[-76.504183,44.221384],[-76.504188,44.221419],[-76.504198,44.221514],[-76.504193,44.221515],[-76.504196,44.221546],[-76.503995,44.221558]]]}},{"type":"Feature","id":247,"properties":{"name":null,"levels":3,"height":12.6},"geometry":{"type":"Polygon","coordinates":[[[-76.497833,44.22303],[-76.497809,44.222905],[-76.49797,44.222889],[-76.497976,44.222889],[-76.497982,44.22292],[-76.498032,44.222915],[-76.498051,44.223008],[-76.497833,44.22303]]]}},{"type":"Feature","id":248,"properties":{"name":null,"levels":3,"height":12.6},"geometry":{"type":"Polygon","coordinates":[[[-76.498516,44.222988],[-76.49851,44.222955],[-76.498493,44.222957],[-76.49849,44.222941],[-76.498414,44.222949],[-76.498412,44.222942],[-76.49838,44.222946],[-76.498364,44.222854],[-76.498396,44.222852],[-76.498395,44.222844],[-76.498401,44.222843],[-76.498561,44.222828],[-76.498583,44.222948],[-76.498575,44.222949],[-76.498583,44.222983],[-76.498516,44.222988]]]}},{"type":"Feature","id":249,"properties":{"name":null,"levels":3,"height":12.6},"geometry":{"type":"Polygon","coordinates":[[[-76.4978212,44.2231148],[-76.4978132,44.2230738],[-76.4978054,44.2230746],[-76.497798,44.2230365],[-76.4978874,44.2230276],[-76.4979,44.223092],[-76.497859,44.223111],[-76.4978212,44.2231148]]]}},{"type":"Feature","id":250,"properties":{"name":null,"levels":2,"height":8.4},"geometry":{"type":"Polygon","coordinates":[[[-76.497995,44.223239],[-76.497986,44.223154],[-76.498126,44.223146],[-76.498137,44.22323],[-76.497995,44.223239]]]}},{"type":"Feature","id":251,"properties":{"name":null,"levels":3,"height":12.6},"geometry":{"type":"Polygon","coordinates":[[[-76.498807,44.223055],[-76.498799,44.223003],[-76.498793,44.223004],[-76.498787,44.22297],[-76.49872,44.222976],[-76.498696,44.222835],[-76.498866,44.222818],[-76.49887,44.222848],[-76.498884,44.222847],[-76.498896,44.222915],[-76.498886,44.222916],[-76.498912,44.223044],[-76.498807,44.223055]]]}},{"type":"Feature","id":252,"properties":{"name":null,"levels":2,"height":8.4},"geometry":{"type":"Polygon","coordinates":[[[-76.498425,44.223259],[-76.498415,44.223199],[-76.498525,44.223188],[-76.498525,44.223191],[-76.498544,44.223189],[-76.498547,44.223208],[-76.498588,44.223205],[-76.498594,44.223239],[-76.498554,44.223242],[-76.498555,44.223247],[-76.498425,44.223259]]]}},{"type":"Feature","id":253,"properties":{"name":null,"levels":3,"height":12.6},"geometry":{"type":"Polygon","coordinates":[[[-76.498749,44.223164],[-76.498746,44.223146],[-76.498726,44.223147],[-76.498722,44.223123],[-76.498682,44.223127],[-76.498672,44.223071],[-76.498711,44.223068],[-76.498708,44.223057],[-76.49871,44.223056],[-76.498775,44.22305],[-76.498778,44.223064],[-76.4988,44.223062],[-76.498819,44.223155],[-76.498749,44.223164]]]}},{"type":"Feature","id":254,"properties":{"name":null,"levels":2,"height":8.4},"geometry":{"type":"Polygon","coordinates":[[[-76.498422,44.223344],[-76.498416,44.223284],[-76.498591,44.223275],[-76.498596,44.223315],[-76.498568,44.223318],[-76.498571,44.223335],[-76.498422,44.223344]]]}},{"type":"Feature","id":255,"properties":{"name":null,"levels":3,"height":12.6},"geometry":{"type":"Polygon","coordinates":[[[-76.499068,44.223197],[-76.499052,44.223109],[-76.499138,44.223102],[-76.499151,44.223189],[-76.499068,44.223197]]]}},{"type":"Feature","id":256,"properties":{"name":null,"levels":3,"height":12.6},"geometry":{"type":"Polygon","coordinates":[[[-76.498876,44.223399],[-76.49886,44.223323],[-76.498987,44.223308],[-76.498984,44.223296],[-76.499048,44.22329],[-76.499065,44.223379],[-76.498876,44.223399]]]}},{"type":"Feature","id":257,"properties":{"name":null,"levels":3,"height":12.6},"geometry":{"type":"Polygon","coordinates":[[[-76.499193,44.222988],[-76.499192,44.222975],[-76.499135,44.22298],[-76.499116,44.222865],[-76.499121,44.222864],[-76.499111,44.222801],[-76.499241,44.222789],[-76.49925,44.222789],[-76.49926,44.22285],[-76.499281,44.222848],[-76.499295,44.222933],[-76.499275,44.222935],[-76.499282,44.22298],[-76.499193,44.222988]]]}},{"type":"Feature","id":258,"properties":{"name":"Environmental Health & Safety Building","levels":3,"height":12.6},"geometry":{"type":"Polygon","coordinates":[[[-76.499619,44.225123],[-76.499601,44.225037],[-76.499607,44.225021],[-76.499621,44.225008],[-76.499645,44.225],[-76.499665,44.224999],[-76.499686,44.225005],[-76.499749,44.224999],[-76.499826,44.224994],[-76.499849,44.225091],[-76.499819,44.225094],[-76.499822,44.225107],[-76.499726,44.225118],[-76.499723,44.225105],[-76.49972,44.225105],[-76.499647,44.225114],[-76.499648,44.22512],[-76.499619,44.225123]]]}},{"type":"Feature","id":259,"properties":{"name":null,"levels":3,"height":12.6},"geometry":{"type":"Polygon","coordinates":[[[-76.500076,44.22507],[-76.500072,44.225052],[-76.500032,44.225056],[-76.500019,44.224996],[-76.50006,44.224992],[-76.500053,44.224956],[-76.500103,44.22495],[-76.500109,44.22494],[-76.500123,44.224936],[-76.50018,44.224929],[-76.500185,44.224929],[-76.500205,44.225019],[-76.500205,44.225022],[-76.500194,44.225023],[-76.500201,44.225055],[-76.500076,44.22507]]]}},{"type":"Feature","id":260,"properties":{"name":null,"levels":3,"height":12.6},"geometry":{"type":"Polygon","coordinates":[[[-76.500255,44.22504],[-76.500247,44.225004],[-76.500237,44.225005],[-76.500226,44.224937],[-76.500281,44.224932],[-76.500289,44.224932],[-76.500292,44.224949],[-76.500377,44.22494],[-76.500393,44.225027],[-76.500255,44.22504]]]}},{"type":"Feature","id":261,"properties":{"name":null,"levels":3,"height":12.6},"geometry":{"type":"Polygon","coordinates":[[[-76.500434,44.225028],[-76.500412,44.224899],[-76.500462,44.224895],[-76.500465,44.224909],[-76.50052,44.224903],[-76.500541,44.225018],[-76.500434,44.225028]]]}},{"type":"Feature","id":262,"properties":{"name":null,"levels":3,"height":12.6},"geometry":{"type":"Polygon","coordinates":[[[-76.499904,44.225435],[-76.499899,44.225381],[-76.499888,44.225381],[-76.499878,44.225287],[-76.500014,44.22528],[-76.500024,44.225375],[-76.500044,44.225374],[-76.500047,44.225409],[-76.500031,44.22541],[-76.500033,44.225427],[-76.499904,44.225435]]]}},{"type":"Feature","id":263,"properties":{"name":null,"levels":3,"height":12.6},"geometry":{"type":"Polygon","coordinates":[[[-76.501477,44.222602],[-76.501474,44.222585],[-76.501297,44.222599],[-76.501282,44.2225],[-76.501358,44.222494],[-76.501359,44.222504],[-76.501363,44.222504],[-76.501461,44.222496],[-76.501478,44.222494],[-76.501477,44.222483],[-76.501545,44.222477],[-76.501549,44.222477],[-76.50155,44.222479],[-76.501568,44.222596],[-76.501477,44.222602]]]}},{"type":"Feature","id":264,"properties":{"name":null,"levels":3,"height":12.6},"geometry":{"type":"Polygon","coordinates":[[[-76.501773,44.222562],[-76.501748,44.222526],[-76.501744,44.222528],[-76.501687,44.222446],[-76.502049,44.222314],[-76.502109,44.222399],[-76.502076,44.222412],[-76.502095,44.22244],[-76.502017,44.222469],[-76.501996,44.222439],[-76.501938,44.222459],[-76.50196,44.222491],[-76.501881,44.222519],[-76.50186,44.222488],[-76.50181,44.222506],[-76.501834,44.222541],[-76.501773,44.222562]]]}},{"type":"Feature","id":265,"properties":{"name":null,"levels":3,"height":12.6},"geometry":{"type":"Polygon","coordinates":[[[-76.501181,44.222765],[-76.501164,44.222661],[-76.501364,44.222645],[-76.501381,44.222749],[-76.501181,44.222765]]]}},{"type":"Feature","id":266,"properties":{"name":null,"levels":3,"height":12.6},"geometry":{"type":"Polygon","coordinates":[[[-76.501215,44.222892],[-76.501214,44.222886],[-76.501189,44.222888],[-76.501183,44.222849],[-76.501213,44.222847],[-76.501213,44.222842],[-76.501232,44.222841],[-76.501225,44.222796],[-76.501382,44.222785],[-76.501395,44.22288],[-76.501215,44.222892]]]}},{"type":"Feature","id":267,"properties":{"name":null,"levels":3,"height":12.6},"geometry":{"type":"Polygon","coordinates":[[[-76.50123,44.223031],[-76.501227,44.222976],[-76.501197,44.222977],[-76.501195,44.222944],[-76.50122,44.222943],[-76.501218,44.222915],[-76.501327,44.222912],[-76.501346,44.222912],[-76.501346,44.222922],[-76.501392,44.22292],[-76.501395,44.222994],[-76.50135,44.222994],[-76.501351,44.223023],[-76.50123,44.223031]]]}},{"type":"Feature","id":268,"properties":{"name":null,"levels":3,"height":12.6},"geometry":{"type":"Polygon","coordinates":[[[-76.501667,44.222971],[-76.50166,44.222906],[-76.50176,44.222902],[-76.501767,44.222966],[-76.501667,44.222971]]]}},{"type":"Feature","id":269,"properties":{"name":null,"levels":3,"height":12.6},"geometry":{"type":"Polygon","coordinates":[[[-76.501331,44.223203],[-76.501328,44.223183],[-76.501245,44.22319],[-76.501226,44.223066],[-76.501293,44.223061],[-76.50129,44.223041],[-76.501438,44.223029],[-76.501454,44.223133],[-76.501492,44.22313],[-76.501501,44.223185],[-76.501464,44.223189],[-76.501465,44.223191],[-76.501331,44.223203]]]}},{"type":"Feature","id":270,"properties":{"name":null,"levels":3,"height":12.6},"geometry":{"type":"Polygon","coordinates":[[[-76.501252,44.2233],[-76.501251,44.223295],[-76.501218,44.223297],[-76.501211,44.223233],[-76.501246,44.223231],[-76.501246,44.223228],[-76.50137,44.223222],[-76.501372,44.223239],[-76.501419,44.223237],[-76.501425,44.223291],[-76.501252,44.2233]]]}},{"type":"Feature","id":271,"properties":{"name":null,"levels":3,"height":12.6},"geometry":{"type":"Polygon","coordinates":[[[-76.501262,44.223464],[-76.501257,44.223406],[-76.501236,44.223407],[-76.501228,44.223328],[-76.50143,44.223318],[-76.501437,44.223404],[-76.501422,44.223404],[-76.501424,44.223456],[-76.501262,44.223464]]]}},{"type":"Feature","id":272,"properties":{"name":null,"levels":2,"height":8.4},"geometry":{"type":"Polygon","coordinates":[[[-76.501306,44.223556],[-76.501302,44.223474],[-76.501469,44.223469],[-76.501474,44.223551],[-76.501306,44.223556]]]}},{"type":"Feature","id":273,"properties":{"name":null,"levels":3,"height":12.6},"geometry":{"type":"Polygon","coordinates":[[[-76.5025,44.222299],[-76.502488,44.22228],[-76.502481,44.222282],[-76.502461,44.22225],[-76.502385,44.222273],[-76.50233,44.22218],[-76.502456,44.222142],[-76.502524,44.222254],[-76.502528,44.22229],[-76.5025,44.222299]]]}},{"type":"Feature","id":274,"properties":{"name":null,"levels":3,"height":12.6},"geometry":{"type":"Polygon","coordinates":[[[-76.502581,44.22226],[-76.502503,44.22213],[-76.502621,44.222092],[-76.502624,44.222092],[-76.502627,44.222097],[-76.502715,44.222243],[-76.502679,44.222255],[-76.502666,44.222233],[-76.502581,44.22226]]]}},{"type":"Feature","id":275,"properties":{"name":null,"levels":3,"height":12.6},"geometry":{"type":"Polygon","coordinates":[[[-76.502862,44.222199],[-76.502857,44.222132],[-76.502909,44.222131],[-76.502907,44.222111],[-76.502914,44.22211],[-76.503056,44.222106],[-76.50306,44.222192],[-76.502862,44.222199]]]}},{"type":"Feature","id":276,"properties":{"name":null,"levels":3,"height":12.6},"geometry":{"type":"Polygon","coordinates":[[[-76.503146,44.222192],[-76.503143,44.22215],[-76.503098,44.222151],[-76.503097,44.222098],[-76.503265,44.222094],[-76.503285,44.222094],[-76.503288,44.222189],[-76.503146,44.222192]]]}},{"type":"Feature","id":277,"properties":{"name":null,"levels":3,"height":12.6},"geometry":{"type":"Polygon","coordinates":[[[-76.501923,44.22277],[-76.501917,44.222684],[-76.502071,44.222678],[-76.502073,44.222702],[-76.502096,44.222702],[-76.502098,44.22274],[-76.502075,44.22274],[-76.502077,44.222765],[-76.501923,44.22277]]]}},{"type":"Feature","id":278,"properties":{"name":null,"levels":3,"height":12.6},"geometry":{"type":"Polygon","coordinates":[[[-76.501934,44.222891],[-76.501928,44.222803],[-76.502099,44.222797],[-76.502103,44.222847],[-76.502079,44.222848],[-76.502083,44.222885],[-76.501934,44.222891]]]}},{"type":"Feature","id":279,"properties":{"name":null,"levels":3,"height":12.6},"geometry":{"type":"Polygon","coordinates":[[[-76.501942,44.223009],[-76.501936,44.222922],[-76.502086,44.222917],[-76.502107,44.222916],[-76.502109,44.222921],[-76.502111,44.222968],[-76.50209,44.222968],[-76.502092,44.223004],[-76.501942,44.223009]]]}},{"type":"Feature","id":280,"properties":{"name":null,"levels":3,"height":12.6},"geometry":{"type":"Polygon","coordinates":[[[-76.502442,44.22264],[-76.502435,44.222549],[-76.50259,44.222543],[-76.502593,44.222587],[-76.502608,44.222587],[-76.502612,44.222633],[-76.502597,44.222634],[-76.502442,44.22264]]]}},{"type":"Feature","id":281,"properties":{"name":null,"levels":3,"height":12.6},"geometry":{"type":"Polygon","coordinates":[[[-76.502447,44.222739],[-76.502445,44.222666],[-76.502559,44.222665],[-76.502561,44.222737],[-76.502447,44.222739]]]}},{"type":"Feature","id":282,"properties":{"name":null,"levels":3,"height":12.6},"geometry":{"type":"Polygon","coordinates":[[[-76.502495,44.222914],[-76.502495,44.222906],[-76.502466,44.222907],[-76.502462,44.222837],[-76.502588,44.222833],[-76.502629,44.222832],[-76.502633,44.222909],[-76.502495,44.222914]]]}},{"type":"Feature","id":283,"properties":{"name":null,"levels":3,"height":12.6},"geometry":{"type":"Polygon","coordinates":[[[-76.502476,44.223089],[-76.502472,44.22304],[-76.502458,44.223028],[-76.502456,44.223006],[-76.502462,44.222996],[-76.502459,44.222958],[-76.502668,44.22295],[-76.502672,44.223012],[-76.502609,44.223015],[-76.502611,44.223036],[-76.502684,44.223034],[-76.502686,44.223075],[-76.502614,44.223078],[-76.502614,44.223084],[-76.502476,44.223089]]]}},{"type":"Feature","id":284,"properties":{"name":null,"levels":3,"height":12.6},"geometry":{"type":"Polygon","coordinates":[[[-76.501949,44.223127],[-76.501944,44.22304],[-76.502107,44.223034],[-76.502118,44.223034],[-76.502122,44.223086],[-76.502095,44.223087],[-76.502098,44.223123],[-76.501949,44.223127]]]}},{"type":"Feature","id":285,"properties":{"name":null,"levels":3,"height":12.6},"geometry":{"type":"Polygon","coordinates":[[[-76.501958,44.223249],[-76.501952,44.223161],[-76.502123,44.223155],[-76.502128,44.223205],[-76.502105,44.223206],[-76.502107,44.223242],[-76.501958,44.223249]]]}},{"type":"Feature","id":286,"properties":{"name":null,"levels":3,"height":12.6},"geometry":{"type":"Polygon","coordinates":[[[-76.501944,44.223372],[-76.501941,44.223336],[-76.501919,44.223337],[-76.501918,44.223314],[-76.50194,44.223313],[-76.501938,44.223285],[-76.502055,44.223281],[-76.502057,44.223308],[-76.502038,44.223309],[-76.50204,44.223325],[-76.502084,44.223323],[-76.502087,44.223367],[-76.501944,44.223372]]]}},{"type":"Feature","id":287,"properties":{"name":null,"levels":3,"height":12.6},"geometry":{"type":"Polygon","coordinates":[[[-76.502011,44.223457],[-76.50201,44.223406],[-76.501976,44.223407],[-76.501976,44.223381],[-76.502158,44.223379],[-76.5021586,44.2234227],[-76.502159,44.223455],[-76.502011,44.223457]]]}},{"type":"Feature","id":288,"properties":{"name":null,"levels":3,"height":12.6},"geometry":{"type":"Polygon","coordinates":[[[-76.502461,44.223366],[-76.502456,44.223282],[-76.502644,44.223276],[-76.502646,44.223276],[-76.502649,44.22333],[-76.502612,44.22333],[-76.502614,44.223362],[-76.502461,44.223366]]]}},{"type":"Feature","id":289,"properties":{"name":null,"levels":3,"height":12.6},"geometry":{"type":"Polygon","coordinates":[[[-76.502499,44.2235],[-76.502497,44.223466],[-76.502479,44.223467],[-76.502476,44.223428],[-76.502622,44.223422],[-76.502624,44.223443],[-76.50265,44.223442],[-76.502654,44.223489],[-76.50261,44.22349],[-76.502612,44.223495],[-76.502499,44.2235]]]}},{"type":"Feature","id":290,"properties":{"name":null,"levels":3,"height":12.6},"geometry":{"type":"Polygon","coordinates":[[[-76.502705,44.222818],[-76.502699,44.222756],[-76.502734,44.222755],[-76.502731,44.222734],[-76.502804,44.222731],[-76.502806,44.222753],[-76.502857,44.222751],[-76.502862,44.222802],[-76.502826,44.222803],[-76.502827,44.222812],[-76.502705,44.222818]]]}},{"type":"Feature","id":291,"properties":{"name":null,"levels":3,"height":12.6},"geometry":{"type":"Polygon","coordinates":[[[-76.502749,44.222911],[-76.502747,44.22285],[-76.502846,44.222847],[-76.502864,44.222847],[-76.502867,44.222908],[-76.502749,44.222911]]]}},{"type":"Feature","id":292,"properties":{"name":null,"levels":3,"height":12.6},"geometry":{"type":"Polygon","coordinates":[[[-76.502541,44.223194],[-76.50254,44.223103],[-76.502702,44.223102],[-76.502703,44.223194],[-76.502541,44.223194]]]}},{"type":"Feature","id":293,"properties":{"name":null,"levels":3,"height":12.6},"geometry":{"type":"Polygon","coordinates":[[[-76.503261,44.223666],[-76.503258,44.223604],[-76.503307,44.223603],[-76.503304,44.223562],[-76.503177,44.223566],[-76.503176,44.223533],[-76.503121,44.223535],[-76.503113,44.223411],[-76.503314,44.223405],[-76.503318,44.223467],[-76.503302,44.223468],[-76.503304,44.223497],[-76.503314,44.223497],[-76.503315,44.223515],[-76.503348,44.223514],[-76.503354,44.223602],[-76.503348,44.223602],[-76.503351,44.223664],[-76.503261,44.223666]]]}},{"type":"Feature","id":294,"properties":{"name":null,"levels":3,"height":12.6},"geometry":{"type":"Polygon","coordinates":[[[-76.5013009,44.2236729],[-76.5012913,44.2236043],[-76.5014514,44.2235928],[-76.501461,44.2236614],[-76.5013009,44.2236729]]]}},{"type":"Feature","id":295,"properties":{"name":null,"levels":3,"height":12.6},"geometry":{"type":"Polygon","coordinates":[[[-76.501286,44.223788],[-76.501279,44.223706],[-76.501416,44.2237],[-76.501418,44.223708],[-76.501461,44.223705],[-76.501463,44.223733],[-76.501458,44.223733],[-76.50146,44.223762],[-76.501424,44.223764],[-76.501426,44.223782],[-76.501286,44.223788]]]}},{"type":"Feature","id":296,"properties":{"name":null,"levels":3,"height":12.6},"geometry":{"type":"Polygon","coordinates":[[[-76.501289,44.223872],[-76.501284,44.22381],[-76.501454,44.223804],[-76.501454,44.223806],[-76.501488,44.223806],[-76.50149,44.223838],[-76.501393,44.223842],[-76.501395,44.223868],[-76.501289,44.223872]]]}},{"type":"Feature","id":297,"properties":{"name":null,"levels":3,"height":12.6},"geometry":{"type":"Polygon","coordinates":[[[-76.501311,44.223992],[-76.501299,44.223918],[-76.5014645,44.2239043],[-76.5014685,44.2239272],[-76.501491,44.223925],[-76.501495,44.223951],[-76.501473,44.223953],[-76.501477,44.223978],[-76.501311,44.223992]]]}},{"type":"Feature","id":298,"properties":{"name":null,"levels":3,"height":12.6},"geometry":{"type":"Polygon","coordinates":[[[-76.501805,44.22401],[-76.501804,44.223983],[-76.501833,44.223982],[-76.501832,44.223947],[-76.501859,44.223947],[-76.501859,44.223952],[-76.501942,44.223951],[-76.501944,44.224008],[-76.501805,44.22401]]]}},{"type":"Feature","id":299,"properties":{"name":null,"levels":3,"height":12.6},"geometry":{"type":"Polygon","coordinates":[[[-76.501369,44.224307],[-76.501368,44.224269],[-76.501294,44.224272],[-76.501292,44.224226],[-76.501352,44.224224],[-76.501368,44.224224],[-76.501368,44.224232],[-76.501492,44.224229],[-76.501497,44.224303],[-76.501369,44.224307]]]}},{"type":"Feature","id":300,"properties":{"name":null,"levels":3,"height":12.6},"geometry":{"type":"Polygon","coordinates":[[[-76.501349,44.22416],[-76.501337,44.224054],[-76.501434,44.224049],[-76.501434,44.224045],[-76.501506,44.224041],[-76.501516,44.224121],[-76.501451,44.224126],[-76.501453,44.224154],[-76.501349,44.22416]]]}},{"type":"Feature","id":301,"properties":{"name":null,"levels":3,"height":12.6},"geometry":{"type":"Polygon","coordinates":[[[-76.501837,44.224296],[-76.501837,44.224294],[-76.501751,44.224296],[-76.501746,44.224232],[-76.501834,44.22423],[-76.501833,44.224223],[-76.501936,44.224219],[-76.50197,44.224219],[-76.501973,44.224293],[-76.501837,44.224296]]]}},{"type":"Feature","id":302,"properties":{"name":null,"levels":3,"height":12.6},"geometry":{"type":"Polygon","coordinates":[[[-76.500982,44.224909],[-76.500981,44.224905],[-76.500936,44.224908],[-76.500931,44.224871],[-76.500976,44.224868],[-76.500975,44.224852],[-76.501073,44.224846],[-76.501081,44.224902],[-76.500982,44.224909]]]}},{"type":"Feature","id":303,"properties":{"name":null,"levels":3,"height":12.6},"geometry":{"type":"Polygon","coordinates":[[[-76.500989,44.225038],[-76.500988,44.225019],[-76.500891,44.225025],[-76.500888,44.224987],[-76.500895,44.224986],[-76.500892,44.224958],[-76.500923,44.224957],[-76.500922,44.22495],[-76.500985,44.224948],[-76.500983,44.224927],[-76.50108,44.224922],[-76.501082,44.224928],[-76.501107,44.224927],[-76.501117,44.225026],[-76.501093,44.225027],[-76.501093,44.225033],[-76.500989,44.225038]]]}},{"type":"Feature","id":304,"properties":{"name":null,"levels":3,"height":12.6},"geometry":{"type":"Polygon","coordinates":[[[-76.50094,44.22525],[-76.500932,44.225148],[-76.50097,44.225146],[-76.500968,44.225117],[-76.50099,44.225116],[-76.501023,44.225116],[-76.501025,44.225143],[-76.50105,44.225141],[-76.501055,44.225214],[-76.501014,44.225216],[-76.501016,44.225247],[-76.50094,44.22525]]]}},{"type":"Feature","id":305,"properties":{"name":null,"levels":3,"height":12.6},"geometry":{"type":"Polygon","coordinates":[[[-76.50083,44.225351],[-76.500819,44.225262],[-76.501056,44.225247],[-76.501067,44.225336],[-76.50083,44.225351]]]}},{"type":"Feature","id":306,"properties":{"name":null,"levels":3,"height":12.6},"geometry":{"type":"Polygon","coordinates":[[[-76.500791,44.225454],[-76.500782,44.225383],[-76.500888,44.225376],[-76.500892,44.225405],[-76.500926,44.225403],[-76.500921,44.225369],[-76.501031,44.225361],[-76.501035,44.225388],[-76.501058,44.225387],[-76.501065,44.225436],[-76.501032,44.225438],[-76.501032,44.225441],[-76.500931,44.225449],[-76.50093,44.225439],[-76.500898,44.225441],[-76.5009,44.225446],[-76.500791,44.225454]]]}},{"type":"Feature","id":307,"properties":{"name":null,"levels":3,"height":12.6},"geometry":{"type":"Polygon","coordinates":[[[-76.50137,44.224613],[-76.501361,44.224539],[-76.501491,44.224531],[-76.501494,44.22453],[-76.501503,44.224604],[-76.50137,44.224613]]]}},{"type":"Feature","id":308,"properties":{"name":null,"levels":3,"height":12.6},"geometry":{"type":"Polygon","coordinates":[[[-76.501385,44.22473],[-76.501373,44.224637],[-76.501486,44.224631],[-76.50149,44.224672],[-76.501568,44.224668],[-76.501574,44.22472],[-76.501385,44.22473]]]}},{"type":"Feature","id":309,"properties":{"name":null,"levels":3,"height":12.6},"geometry":{"type":"Polygon","coordinates":[[[-76.50154,44.224835],[-76.501539,44.224809],[-76.501475,44.224812],[-76.501476,44.224825],[-76.50142,44.224827],[-76.501417,44.224747],[-76.501587,44.224741],[-76.501588,44.224755],[-76.50164,44.224753],[-76.501643,44.224832],[-76.50154,44.224835]]]}},{"type":"Feature","id":310,"properties":{"name":null,"levels":3,"height":12.6},"geometry":{"type":"Polygon","coordinates":[[[-76.501428,44.224933],[-76.50142,44.22486],[-76.501654,44.224847],[-76.50166,44.22492],[-76.501428,44.224933]]]}},{"type":"Feature","id":311,"properties":{"name":null,"levels":3,"height":12.6},"geometry":{"type":"Polygon","coordinates":[[[-76.501377,44.225059],[-76.501373,44.225025],[-76.5014,44.225024],[-76.501397,44.224986],[-76.501571,44.224979],[-76.501577,44.22505],[-76.501377,44.225059]]]}},{"type":"Feature","id":312,"properties":{"name":null,"levels":3,"height":12.6},"geometry":{"type":"Polygon","coordinates":[[[-76.501776,44.224624],[-76.501769,44.224523],[-76.501898,44.224519],[-76.501902,44.22459],[-76.501872,44.224591],[-76.501874,44.22462],[-76.501776,44.224624]]]}},{"type":"Feature","id":313,"properties":{"name":null,"levels":3,"height":12.6},"geometry":{"type":"Polygon","coordinates":[[[-76.501391,44.225167],[-76.501385,44.225123],[-76.501415,44.225119],[-76.50141,44.225087],[-76.501587,44.225073],[-76.501599,44.22515],[-76.501391,44.225167]]]}},{"type":"Feature","id":314,"properties":{"name":null,"levels":3,"height":12.6},"geometry":{"type":"Polygon","coordinates":[[[-76.501487,44.22535],[-76.501485,44.225335],[-76.501468,44.225336],[-76.501461,44.225278],[-76.501461,44.225276],[-76.501481,44.225275],[-76.501478,44.225254],[-76.501587,44.225247],[-76.501587,44.225251],[-76.501659,44.225247],[-76.501666,44.225299],[-76.501595,44.225303],[-76.501599,44.225342],[-76.501487,44.22535]]]}},{"type":"Feature","id":315,"properties":{"name":null,"levels":3,"height":12.6},"geometry":{"type":"Polygon","coordinates":[[[-76.501886,44.223619],[-76.501877,44.223519],[-76.502069,44.223511],[-76.502073,44.223543],[-76.502142,44.223541],[-76.502147,44.223608],[-76.501886,44.223619]]]}},{"type":"Feature","id":316,"properties":{"name":null,"levels":3,"height":12.6},"geometry":{"type":"Polygon","coordinates":[[[-76.501965,44.223821],[-76.501963,44.223768],[-76.502174,44.223762],[-76.502179,44.223762],[-76.502181,44.22381],[-76.502161,44.22381],[-76.502161,44.223815],[-76.501965,44.223821]]]}},{"type":"Feature","id":317,"properties":{"name":null,"levels":3,"height":12.6},"geometry":{"type":"Polygon","coordinates":[[[-76.5019061,44.2237257],[-76.5018987,44.2236368],[-76.5021459,44.2236288],[-76.5021499,44.2237186],[-76.5019061,44.2237257]]]}},{"type":"Feature","id":318,"properties":{"name":null,"levels":3,"height":12.6},"geometry":{"type":"Polygon","coordinates":[[[-76.502021,44.223955],[-76.50201,44.223953],[-76.502003,44.223886],[-76.502157,44.223879],[-76.50216,44.223912],[-76.502169,44.223912],[-76.502172,44.223948],[-76.502041,44.223954],[-76.502021,44.223955]]]}},{"type":"Feature","id":319,"properties":{"name":null,"levels":3,"height":12.6},"geometry":{"type":"Polygon","coordinates":[[[-76.502013,44.224065],[-76.502006,44.223993],[-76.502157,44.223986],[-76.502163,44.223986],[-76.502168,44.224028],[-76.502153,44.224028],[-76.502156,44.224058],[-76.502013,44.224065]]]}},{"type":"Feature","id":320,"properties":{"name":null,"levels":3,"height":12.6},"geometry":{"type":"Polygon","coordinates":[[[-76.50249,44.223627],[-76.502484,44.223542],[-76.502599,44.223536],[-76.502605,44.223624],[-76.50249,44.223627]]]}},{"type":"Feature","id":321,"properties":{"name":null,"levels":3,"height":12.6},"geometry":{"type":"Polygon","coordinates":[[[-76.502468,44.223716],[-76.502467,44.223647],[-76.502521,44.223645],[-76.502644,44.223644],[-76.502647,44.223713],[-76.502468,44.223716]]]}},{"type":"Feature","id":322,"properties":{"name":null,"levels":3,"height":12.6},"geometry":{"type":"Polygon","coordinates":[[[-76.502023,44.224173],[-76.502016,44.224104],[-76.502161,44.224096],[-76.502164,44.224126],[-76.502171,44.224125],[-76.502174,44.224165],[-76.502023,44.224173]]]}},{"type":"Feature","id":323,"properties":{"name":null,"levels":3,"height":12.6},"geometry":{"type":"Polygon","coordinates":[[[-76.502019,44.224279],[-76.502015,44.224238],[-76.502038,44.224237],[-76.502035,44.224206],[-76.502168,44.224198],[-76.502174,44.22427],[-76.502019,44.224279]]]}},{"type":"Feature","id":324,"properties":{"name":null,"levels":3,"height":12.6},"geometry":{"type":"Polygon","coordinates":[[[-76.502632,44.223964],[-76.502629,44.223941],[-76.502598,44.223944],[-76.502585,44.223872],[-76.502667,44.223864],[-76.502685,44.22387],[-76.502734,44.223866],[-76.502737,44.223882],[-76.502779,44.223878],[-76.502781,44.223886],[-76.502789,44.223885],[-76.502798,44.223929],[-76.50274,44.223934],[-76.502743,44.223953],[-76.502632,44.223964]]]}},{"type":"Feature","id":325,"properties":{"name":null,"levels":3,"height":12.6},"geometry":{"type":"Polygon","coordinates":[[[-76.50309,44.223884],[-76.503092,44.22382],[-76.503107,44.223821],[-76.503108,44.223815],[-76.503109,44.22375],[-76.503151,44.223751],[-76.503152,44.223724],[-76.503213,44.223725],[-76.503213,44.223752],[-76.50326,44.223752],[-76.503259,44.223838],[-76.50316,44.223837],[-76.503159,44.223884],[-76.50309,44.223884]]]}},{"type":"Feature","id":326,"properties":{"name":null,"levels":3,"height":12.6},"geometry":{"type":"Polygon","coordinates":[[[-76.502673,44.224248],[-76.502673,44.22424],[-76.502567,44.224245],[-76.502558,44.224155],[-76.502687,44.224148],[-76.502692,44.224148],[-76.502694,44.224163],[-76.50275,44.22416],[-76.50275,44.22415],[-76.502838,44.224146],[-76.502845,44.224217],[-76.502766,44.224221],[-76.502768,44.224244],[-76.502673,44.224248]]]}},{"type":"Feature","id":327,"properties":{"name":null,"levels":3,"height":12.6},"geometry":{"type":"Polygon","coordinates":[[[-76.502587,44.224482],[-76.502586,44.224443],[-76.502578,44.224443],[-76.502577,44.224414],[-76.502585,44.224414],[-76.502584,44.224382],[-76.502564,44.224382],[-76.502563,44.224354],[-76.502601,44.224352],[-76.50267,44.224351],[-76.50267,44.224372],[-76.502693,44.224372],[-76.502695,44.224403],[-76.502769,44.224402],[-76.502771,44.224442],[-76.502697,44.224444],[-76.502698,44.22448],[-76.502587,44.224482]]]}},{"type":"Feature","id":328,"properties":{"name":null,"levels":3,"height":12.6},"geometry":{"type":"Polygon","coordinates":[[[-76.50322,44.224225],[-76.503218,44.224213],[-76.503195,44.224215],[-76.503191,44.224185],[-76.503216,44.224184],[-76.503206,44.224087],[-76.503374,44.224078],[-76.503384,44.224177],[-76.503363,44.224178],[-76.503367,44.224218],[-76.50322,44.224225]]]}},{"type":"Feature","id":329,"properties":{"name":null,"levels":3,"height":12.6},"geometry":{"type":"Polygon","coordinates":[[[-76.503244,44.224395],[-76.503241,44.22436],[-76.503226,44.22436],[-76.503222,44.22431],[-76.503168,44.224311],[-76.503164,44.224264],[-76.503227,44.224261],[-76.503227,44.224258],[-76.503368,44.224252],[-76.503381,44.224389],[-76.503244,44.224395]]]}},{"type":"Feature","id":330,"properties":{"name":null,"levels":3,"height":12.6},"geometry":{"type":"Polygon","coordinates":[[[-76.502111,44.22463],[-76.502109,44.224621],[-76.502074,44.224622],[-76.502072,44.224589],[-76.502109,44.224587],[-76.502105,44.224549],[-76.502166,44.224546],[-76.502181,44.224546],[-76.502183,44.224566],[-76.502209,44.224566],[-76.502213,44.224627],[-76.502111,44.22463]]]}},{"type":"Feature","id":331,"properties":{"name":null,"levels":3,"height":12.6},"geometry":{"type":"Polygon","coordinates":[[[-76.502109,44.224751],[-76.502107,44.224734],[-76.502017,44.224736],[-76.502013,44.224678],[-76.502119,44.224675],[-76.50212,44.224685],[-76.502217,44.224683],[-76.502222,44.224748],[-76.502109,44.224751]]]}},{"type":"Feature","id":332,"properties":{"name":null,"levels":3,"height":12.6},"geometry":{"type":"Polygon","coordinates":[[[-76.502121,44.224878],[-76.502121,44.224874],[-76.502076,44.224875],[-76.502073,44.22482],[-76.502148,44.224818],[-76.502148,44.224799],[-76.502209,44.224797],[-76.50221,44.224816],[-76.502236,44.224815],[-76.502239,44.224875],[-76.502121,44.224878]]]}},{"type":"Feature","id":333,"properties":{"name":null,"levels":3,"height":12.6},"geometry":{"type":"Polygon","coordinates":[[[-76.502082,44.224968],[-76.502081,44.224932],[-76.502116,44.224932],[-76.502115,44.224897],[-76.50223,44.224896],[-76.502231,44.224967],[-76.502082,44.224968]]]}},{"type":"Feature","id":334,"properties":{"name":null,"levels":3,"height":12.6},"geometry":{"type":"Polygon","coordinates":[[[-76.502103,44.225124],[-76.502103,44.225119],[-76.502061,44.22512],[-76.502058,44.225067],[-76.502097,44.225065],[-76.502095,44.225034],[-76.502219,44.225031],[-76.502222,44.225121],[-76.502103,44.225124]]]}},{"type":"Feature","id":335,"properties":{"name":null,"levels":3,"height":12.6},"geometry":{"type":"Polygon","coordinates":[[[-76.5021,44.225318],[-76.502096,44.225292],[-76.502058,44.225294],[-76.502057,44.225289],[-76.502026,44.225291],[-76.502023,44.225253],[-76.502055,44.225251],[-76.502058,44.225251],[-76.502056,44.225245],[-76.502225,44.225238],[-76.502227,44.225242],[-76.502252,44.225241],[-76.502258,44.225307],[-76.502231,44.225309],[-76.502231,44.225311],[-76.5021,44.225318]]]}},{"type":"Feature","id":336,"properties":{"name":null,"levels":3,"height":12.6},"geometry":{"type":"Polygon","coordinates":[[[-76.50212,44.225478],[-76.502118,44.225445],[-76.502057,44.225448],[-76.502055,44.225425],[-76.502007,44.225428],[-76.502,44.225362],[-76.502114,44.225356],[-76.502119,44.225409],[-76.502263,44.225403],[-76.502267,44.225444],[-76.502242,44.225445],[-76.502244,44.225473],[-76.50212,44.225478]]]}},{"type":"Feature","id":337,"properties":{"name":null,"levels":3,"height":12.6},"geometry":{"type":"Polygon","coordinates":[[[-76.502601,44.224665],[-76.502592,44.224544],[-76.502614,44.224543],[-76.502614,44.224516],[-76.502725,44.224512],[-76.50274,44.224512],[-76.502742,44.224542],[-76.502746,44.224542],[-76.502752,44.22464],[-76.502708,44.224641],[-76.502708,44.224647],[-76.502672,44.224648],[-76.502673,44.224664],[-76.502601,44.224665]]]}},{"type":"Feature","id":338,"properties":{"name":null,"levels":3,"height":12.6},"geometry":{"type":"Polygon","coordinates":[[[-76.502606,44.224803],[-76.502601,44.224709],[-76.502614,44.224708],[-76.502612,44.224672],[-76.502699,44.224669],[-76.50272,44.224669],[-76.502722,44.224702],[-76.502774,44.2247],[-76.502774,44.224705],[-76.502785,44.224704],[-76.502791,44.224797],[-76.502606,44.224803]]]}},{"type":"Feature","id":339,"properties":{"name":null,"levels":3,"height":12.6},"geometry":{"type":"Polygon","coordinates":[[[-76.502645,44.22496],[-76.502639,44.224882],[-76.502617,44.224882],[-76.502615,44.224844],[-76.502631,44.224842],[-76.502629,44.224829],[-76.502734,44.224825],[-76.502733,44.224811],[-76.502806,44.224809],[-76.502812,44.224808],[-76.502819,44.224898],[-76.502768,44.2249],[-76.502769,44.224922],[-76.502723,44.224924],[-76.502725,44.224956],[-76.502645,44.22496]]]}},{"type":"Feature","id":340,"properties":{"name":null,"levels":3,"height":12.6},"geometry":{"type":"Polygon","coordinates":[[[-76.503198,44.224598],[-76.503192,44.224541],[-76.503165,44.224543],[-76.50316,44.224498],[-76.503189,44.224496],[-76.503188,44.224487],[-76.503364,44.224478],[-76.503367,44.224515],[-76.503381,44.224515],[-76.503388,44.224583],[-76.503373,44.224584],[-76.503373,44.224589],[-76.503198,44.224598]]]}},{"type":"Feature","id":341,"properties":{"name":null,"levels":3,"height":12.6},"geometry":{"type":"Polygon","coordinates":[[[-76.503213,44.224708],[-76.50321,44.224665],[-76.503191,44.224667],[-76.503188,44.224614],[-76.503362,44.224609],[-76.503367,44.224703],[-76.503213,44.224708]]]}},{"type":"Feature","id":342,"properties":{"name":null,"levels":3,"height":12.6},"geometry":{"type":"Polygon","coordinates":[[[-76.502849,44.225429],[-76.502845,44.225366],[-76.502946,44.225363],[-76.502949,44.225426],[-76.502849,44.225429]]]}},{"type":"Feature","id":343,"properties":{"name":null,"levels":3,"height":12.6},"geometry":{"type":"Polygon","coordinates":[[[-76.4979575,44.2275167],[-76.4979484,44.2274911],[-76.4979395,44.2274663],[-76.498036,44.2274486],[-76.4980448,44.2274734],[-76.498054,44.227499],[-76.4979575,44.2275167]]]}},{"type":"Feature","id":344,"properties":{"name":null,"levels":3,"height":12.6},"geometry":{"type":"Polygon","coordinates":[[[-76.4987786,44.2273667],[-76.4987697,44.2273408],[-76.4987604,44.2273141],[-76.4988024,44.2273066],[-76.4988205,44.2273592],[-76.4987786,44.2273667]]]}},{"type":"Feature","id":345,"properties":{"name":null,"levels":3,"height":12.6},"geometry":{"type":"Polygon","coordinates":[[[-76.499948,44.225593],[-76.499945,44.225587],[-76.499918,44.22559],[-76.499915,44.225578],[-76.499894,44.225581],[-76.499881,44.22552],[-76.50008,44.225498],[-76.500092,44.225558],[-76.500054,44.225563],[-76.500058,44.225581],[-76.499948,44.225593]]]}},{"type":"Feature","id":346,"properties":{"name":null,"levels":3,"height":12.6},"geometry":{"type":"Polygon","coordinates":[[[-76.499839,44.225717],[-76.499828,44.225664],[-76.499855,44.225661],[-76.499846,44.225624],[-76.500005,44.225607],[-76.50001,44.225632],[-76.500044,44.225629],[-76.500054,44.225675],[-76.500019,44.225679],[-76.500022,44.225698],[-76.499839,44.225717]]]}},{"type":"Feature","id":347,"properties":{"name":null,"levels":3,"height":12.6},"geometry":{"type":"Polygon","coordinates":[[[-76.500113,44.225636],[-76.500106,44.225595],[-76.500279,44.225577],[-76.500287,44.225618],[-76.500113,44.225636]]]}},{"type":"Feature","id":348,"properties":{"name":null,"levels":3,"height":12.6},"geometry":{"type":"Polygon","coordinates":[[[-76.499986,44.225819],[-76.499965,44.225721],[-76.500167,44.225699],[-76.500177,44.225741],[-76.500118,44.225747],[-76.500131,44.225803],[-76.499986,44.225819]]]}},{"type":"Feature","id":349,"properties":{"name":null,"levels":3,"height":12.6},"geometry":{"type":"Polygon","coordinates":[[[-76.5,44.226019],[-76.49999,44.225975],[-76.499969,44.225978],[-76.499961,44.225942],[-76.499978,44.225939],[-76.499968,44.225896],[-76.499988,44.225893],[-76.499985,44.225879],[-76.500116,44.225863],[-76.500119,44.225877],[-76.500179,44.225869],[-76.500209,44.225993],[-76.5,44.226019]]]}},{"type":"Feature","id":350,"properties":{"name":null,"levels":3,"height":12.6},"geometry":{"type":"Polygon","coordinates":[[[-76.500209,44.227061],[-76.500178,44.226967],[-76.500239,44.226957],[-76.500233,44.226936],[-76.500296,44.226926],[-76.500302,44.226945],[-76.500361,44.226935],[-76.500393,44.227031],[-76.500209,44.227061]]]}},{"type":"Feature","id":351,"properties":{"name":null,"levels":3,"height":12.6},"geometry":{"type":"Polygon","coordinates":[[[-76.50042,44.227039],[-76.500401,44.226975],[-76.50039,44.226977],[-76.500374,44.226924],[-76.500405,44.226919],[-76.500395,44.226887],[-76.500435,44.226881],[-76.500445,44.22691],[-76.500476,44.226905],[-76.500512,44.227026],[-76.50042,44.227039]]]}},{"type":"Feature","id":352,"properties":{"name":null,"levels":3,"height":12.6},"geometry":{"type":"Polygon","coordinates":[[[-76.500517,44.22701],[-76.500476,44.226876],[-76.500567,44.226861],[-76.500607,44.226996],[-76.500517,44.22701]]]}},{"type":"Feature","id":353,"properties":{"name":null,"levels":3,"height":12.6},"geometry":{"type":"Polygon","coordinates":[[[-76.499906,44.227093],[-76.499889,44.227023],[-76.499938,44.227016],[-76.499932,44.226994],[-76.499985,44.226987],[-76.49999,44.226987],[-76.499992,44.226997],[-76.500029,44.226992],[-76.50005,44.227084],[-76.499986,44.227091],[-76.499985,44.227084],[-76.499906,44.227093]]]}},{"type":"Feature","id":354,"properties":{"name":null,"levels":3,"height":12.6},"geometry":{"type":"Polygon","coordinates":[[[-76.500081,44.227091],[-76.500065,44.227031],[-76.500051,44.227033],[-76.500035,44.226979],[-76.500043,44.226977],[-76.500038,44.226957],[-76.500101,44.226948],[-76.500107,44.226964],[-76.50014,44.226959],[-76.500171,44.227058],[-76.500173,44.227069],[-76.500141,44.227074],[-76.500142,44.227081],[-76.500081,44.227091]]]}},{"type":"Feature","id":355,"properties":{"name":null,"levels":3,"height":12.6},"geometry":{"type":"Polygon","coordinates":[[[-76.500558,44.227491],[-76.500554,44.227453],[-76.500486,44.227456],[-76.500473,44.227328],[-76.500535,44.227324],[-76.500535,44.227328],[-76.500572,44.227326],[-76.500589,44.227489],[-76.500558,44.227491]]]}},{"type":"Feature","id":356,"properties":{"name":"Geneva House","levels":3,"height":12.6},"geometry":{"type":"Polygon","coordinates":[[[-76.498453,44.227745],[-76.498451,44.22772],[-76.498443,44.22772],[-76.498437,44.227673],[-76.498538,44.227668],[-76.498537,44.227661],[-76.498597,44.227658],[-76.498605,44.227737],[-76.498453,44.227745]]]}},{"type":"Feature","id":357,"properties":{"name":null,"levels":2,"height":8.4},"geometry":{"type":"Polygon","coordinates":[[[-76.498782,44.227736],[-76.49878,44.227705],[-76.498737,44.227707],[-76.49873,44.227615],[-76.498736,44.227615],[-76.498734,44.227593],[-76.498748,44.227592],[-76.49878,44.227591],[-76.498782,44.227614],[-76.498836,44.227611],[-76.498843,44.227704],[-76.498821,44.227705],[-76.498824,44.227735],[-76.498782,44.227736]]]}},{"type":"Feature","id":358,"properties":{"name":null,"levels":3,"height":12.6},"geometry":{"type":"Polygon","coordinates":[[[-76.498438,44.227845],[-76.498437,44.227825],[-76.498455,44.227824],[-76.498452,44.227787],[-76.498703,44.227778],[-76.498707,44.227836],[-76.498456,44.227844],[-76.498438,44.227845]]]}},{"type":"Feature","id":359,"properties":{"name":"Newman House","levels":3,"height":12.6},"geometry":{"type":"Polygon","coordinates":[[[-76.498474,44.227985],[-76.498472,44.227963],[-76.498462,44.227964],[-76.498458,44.227907],[-76.498639,44.2279],[-76.498641,44.227917],[-76.498685,44.227916],[-76.498691,44.22796],[-76.498645,44.227961],[-76.498646,44.227977],[-76.498474,44.227985]]]}},{"type":"Feature","id":360,"properties":{"name":null,"levels":2,"height":8.4},"geometry":{"type":"Polygon","coordinates":[[[-76.498939,44.227786],[-76.498912,44.227595],[-76.498922,44.227594],[-76.498919,44.227568],[-76.499004,44.227561],[-76.499008,44.227588],[-76.499048,44.227585],[-76.499062,44.227678],[-76.499008,44.227681],[-76.499022,44.22778],[-76.498939,44.227786]]]}},{"type":"Feature","id":361,"properties":{"name":null,"levels":3,"height":12.6},"geometry":{"type":"Polygon","coordinates":[[[-76.498498,44.228113],[-76.498495,44.228051],[-76.498463,44.228053],[-76.498459,44.228001],[-76.498584,44.227995],[-76.498586,44.228038],[-76.498651,44.228035],[-76.498655,44.228089],[-76.498594,44.228091],[-76.498596,44.228109],[-76.498498,44.228113]]]}},{"type":"Feature","id":362,"properties":{"name":null,"levels":3,"height":12.6},"geometry":{"type":"Polygon","coordinates":[[[-76.498503,44.228244],[-76.498501,44.228214],[-76.498473,44.228216],[-76.498468,44.228143],[-76.498574,44.228139],[-76.498608,44.228138],[-76.498614,44.228241],[-76.498503,44.228244]]]}},{"type":"Feature","id":363,"properties":{"name":null,"levels":3,"height":12.6},"geometry":{"type":"Polygon","coordinates":[[[-76.498505,44.2284],[-76.498499,44.228339],[-76.49865,44.228329],[-76.498649,44.228326],[-76.49865,44.228317],[-76.498714,44.228313],[-76.498719,44.228363],[-76.498611,44.228369],[-76.498614,44.228393],[-76.498505,44.2284]]]}},{"type":"Feature","id":364,"properties":{"name":null,"levels":3,"height":12.6},"geometry":{"type":"Polygon","coordinates":[[[-76.498512,44.228473],[-76.498509,44.228423],[-76.498675,44.228417],[-76.498677,44.228457],[-76.49861,44.228459],[-76.498611,44.22847],[-76.498512,44.228473]]]}},{"type":"Feature","id":365,"properties":{"name":null,"levels":3,"height":12.6},"geometry":{"type":"Polygon","coordinates":[[[-76.498529,44.228599],[-76.498527,44.228574],[-76.498534,44.228574],[-76.498532,44.228546],[-76.49853,44.228537],[-76.498524,44.228538],[-76.498521,44.228508],[-76.498615,44.228504],[-76.498616,44.228512],[-76.498666,44.228509],[-76.498666,44.228512],[-76.498691,44.228511],[-76.498691,44.228504],[-76.498744,44.228502],[-76.498745,44.228515],[-76.498703,44.228518],[-76.498704,44.228544],[-76.498672,44.228545],[-76.498675,44.228585],[-76.498623,44.228587],[-76.498623,44.228595],[-76.498529,44.228599]]]}},{"type":"Feature","id":366,"properties":{"name":null,"levels":3,"height":12.6},"geometry":{"type":"Polygon","coordinates":[[[-76.498532,44.228689],[-76.498529,44.228651],[-76.498506,44.228653],[-76.498504,44.228625],[-76.498529,44.228624],[-76.498529,44.228619],[-76.49865,44.228615],[-76.498681,44.228614],[-76.498681,44.228616],[-76.498711,44.228615],[-76.498716,44.228682],[-76.498532,44.228689]]]}},{"type":"Feature","id":367,"properties":{"name":null,"levels":3,"height":12.6},"geometry":{"type":"Polygon","coordinates":[[[-76.498538,44.228788],[-76.498535,44.228754],[-76.49855,44.228753],[-76.498546,44.228723],[-76.498601,44.22872],[-76.498601,44.22871],[-76.498606,44.228709],[-76.49867,44.228705],[-76.49868,44.228705],[-76.498681,44.228719],[-76.4987,44.228718],[-76.498702,44.22874],[-76.498681,44.228741],[-76.498684,44.228781],[-76.498538,44.228788]]]}},{"type":"Feature","id":368,"properties":{"name":null,"levels":3,"height":12.6},"geometry":{"type":"Polygon","coordinates":[[[-76.498555,44.22897],[-76.49855,44.22892],[-76.498554,44.22892],[-76.498552,44.228901],[-76.498635,44.228897],[-76.498634,44.228883],[-76.498749,44.228877],[-76.498754,44.228934],[-76.498706,44.228936],[-76.498708,44.228961],[-76.498555,44.22897]]]}},{"type":"Feature","id":369,"properties":{"name":null,"levels":3,"height":12.6},"geometry":{"type":"Polygon","coordinates":[[[-76.498563,44.229036],[-76.498558,44.228986],[-76.498756,44.228976],[-76.498761,44.229027],[-76.498563,44.229036]]]}},{"type":"Feature","id":370,"properties":{"name":null,"levels":3,"height":12.6},"geometry":{"type":"Polygon","coordinates":[[[-76.498562,44.229143],[-76.498557,44.229098],[-76.498573,44.229097],[-76.498572,44.229076],[-76.498638,44.229072],[-76.498636,44.229057],[-76.49873,44.229053],[-76.498731,44.229063],[-76.498756,44.229062],[-76.498758,44.229072],[-76.498761,44.229102],[-76.498737,44.229104],[-76.498741,44.229135],[-76.498562,44.229143]]]}},{"type":"Feature","id":371,"properties":{"name":null,"levels":3,"height":12.6},"geometry":{"type":"Polygon","coordinates":[[[-76.498586,44.229232],[-76.49858,44.22917],[-76.498725,44.229163],[-76.498731,44.229225],[-76.498586,44.229232]]]}},{"type":"Feature","id":372,"properties":{"name":null,"levels":3,"height":12.6},"geometry":{"type":"Polygon","coordinates":[[[-76.498596,44.22931],[-76.498589,44.229239],[-76.498737,44.229232],[-76.498739,44.229257],[-76.498774,44.229256],[-76.498779,44.229297],[-76.498741,44.229299],[-76.498741,44.229302],[-76.498596,44.22931]]]}},{"type":"Feature","id":373,"properties":{"name":null,"levels":3,"height":12.6},"geometry":{"type":"Polygon","coordinates":[[[-76.498581,44.229408],[-76.498574,44.229337],[-76.498742,44.229328],[-76.498742,44.229332],[-76.498798,44.229329],[-76.498803,44.229385],[-76.498745,44.229389],[-76.498746,44.229399],[-76.498581,44.229408]]]}},{"type":"Feature","id":374,"properties":{"name":null,"levels":2,"height":8.4},"geometry":{"type":"Polygon","coordinates":[[[-76.499422,44.227716],[-76.499412,44.22766],[-76.499341,44.227668],[-76.499331,44.227616],[-76.499388,44.22761],[-76.49938,44.22757],[-76.499467,44.2275613],[-76.499551,44.227553],[-76.499568,44.227648],[-76.499521,44.227653],[-76.499531,44.227705],[-76.499422,44.227716]]]}},{"type":"Feature","id":375,"properties":{"name":null,"levels":3,"height":12.6},"geometry":{"type":"Polygon","coordinates":[[[-76.499369,44.22785],[-76.499202,44.227847],[-76.499204,44.227805],[-76.499372,44.227808],[-76.499369,44.22785]]]}},{"type":"Feature","id":376,"properties":{"name":null,"levels":3,"height":12.6},"geometry":{"type":"Polygon","coordinates":[[[-76.4995508,44.2278403],[-76.4995389,44.2277689],[-76.499649,44.2277594],[-76.4996609,44.2278308],[-76.4995508,44.2278403]]]}},{"type":"Feature","id":377,"properties":{"name":null,"levels":3,"height":12.6},"geometry":{"type":"Polygon","coordinates":[[[-76.499433,44.22794],[-76.499428,44.227881],[-76.499605,44.227872],[-76.499605,44.227878],[-76.499632,44.227877],[-76.499637,44.227931],[-76.499433,44.22794]]]}},{"type":"Feature","id":378,"properties":{"name":null,"levels":3,"height":12.6},"geometry":{"type":"Polygon","coordinates":[[[-76.499374,44.228081],[-76.499369,44.227995],[-76.499556,44.227991],[-76.499555,44.227976],[-76.499639,44.227974],[-76.499644,44.228062],[-76.499635,44.228063],[-76.499635,44.228075],[-76.499374,44.228081]]]}},{"type":"Feature","id":379,"properties":{"name":null,"levels":3,"height":12.6},"geometry":{"type":"Polygon","coordinates":[[[-76.499533,44.228348],[-76.499532,44.228341],[-76.499343,44.228348],[-76.499338,44.228266],[-76.499522,44.22826],[-76.499521,44.228254],[-76.49964,44.22825],[-76.49964,44.228256],[-76.499674,44.228256],[-76.499679,44.228337],[-76.499645,44.228338],[-76.499646,44.228344],[-76.499533,44.228348]]]}},{"type":"Feature","id":380,"properties":{"name":null,"levels":3,"height":12.6},"geometry":{"type":"Polygon","coordinates":[[[-76.499402,44.228207],[-76.499397,44.228114],[-76.499506,44.22811],[-76.499508,44.228134],[-76.499634,44.22813],[-76.499635,44.228135],[-76.499658,44.228134],[-76.499662,44.228196],[-76.499638,44.228196],[-76.499639,44.2282],[-76.499402,44.228207]]]}},{"type":"Feature","id":381,"properties":{"name":null,"levels":3,"height":12.6},"geometry":{"type":"Polygon","coordinates":[[[-76.49951,44.228523],[-76.499509,44.22851],[-76.49935,44.228518],[-76.499341,44.228419],[-76.499516,44.228411],[-76.499519,44.228438],[-76.499692,44.22843],[-76.4997,44.228515],[-76.49951,44.228523]]]}},{"type":"Feature","id":382,"properties":{"name":"Hedgewood House","levels":3,"height":12.6},"geometry":{"type":"Polygon","coordinates":[[[-76.500171,44.227638],[-76.500157,44.227545],[-76.500053,44.227554],[-76.500043,44.227492],[-76.500073,44.227489],[-76.500068,44.227456],[-76.5001538,44.2274486],[-76.500219,44.227443],[-76.500222,44.227458],[-76.500283,44.227453],[-76.500307,44.227594],[-76.500267,44.227597],[-76.500273,44.227629],[-76.500171,44.227638]]]}},{"type":"Feature","id":383,"properties":{"name":null,"levels":3,"height":12.6},"geometry":{"type":"Polygon","coordinates":[[[-76.499998,44.227871],[-76.499995,44.227804],[-76.500113,44.227801],[-76.500113,44.227805],[-76.500148,44.227804],[-76.500152,44.227867],[-76.499998,44.227871]]]}},{"type":"Feature","id":384,"properties":{"name":null,"levels":3,"height":12.6},"geometry":{"type":"Polygon","coordinates":[[[-76.500008,44.228011],[-76.500001,44.227912],[-76.500138,44.227906],[-76.500147,44.228005],[-76.500008,44.228011]]]}},{"type":"Feature","id":385,"properties":{"name":null,"levels":3,"height":12.6},"geometry":{"type":"Polygon","coordinates":[[[-76.500028,44.22819],[-76.500019,44.228112],[-76.500215,44.228102],[-76.500224,44.228179],[-76.500028,44.22819]]]}},{"type":"Feature","id":386,"properties":{"name":null,"levels":3,"height":12.6},"geometry":{"type":"Polygon","coordinates":[[[-76.500041,44.228287],[-76.500032,44.228221],[-76.50011,44.228217],[-76.500108,44.228201],[-76.500192,44.228197],[-76.500201,44.228276],[-76.500041,44.228287]]]}},{"type":"Feature","id":387,"properties":{"name":null,"levels":3,"height":12.6},"geometry":{"type":"Polygon","coordinates":[[[-76.500051,44.22843],[-76.500043,44.22835],[-76.500104,44.228346],[-76.500102,44.228322],[-76.500234,44.228315],[-76.500245,44.228418],[-76.500051,44.22843]]]}},{"type":"Feature","id":388,"properties":{"name":null,"levels":3,"height":12.6},"geometry":{"type":"Polygon","coordinates":[[[-76.500429,44.22821],[-76.500429,44.228205],[-76.500414,44.228206],[-76.500414,44.228202],[-76.5004,44.228202],[-76.500398,44.22818],[-76.500331,44.228183],[-76.500329,44.228154],[-76.500396,44.228152],[-76.500394,44.228116],[-76.50046,44.228114],[-76.500462,44.228148],[-76.500467,44.228148],[-76.500469,44.228178],[-76.500458,44.228178],[-76.50046,44.228209],[-76.500429,44.22821]]]}},{"type":"Feature","id":389,"properties":{"name":null,"levels":3,"height":12.6},"geometry":{"type":"Polygon","coordinates":[[[-76.500373,44.228492],[-76.50037,44.228439],[-76.500488,44.228434],[-76.500492,44.228487],[-76.500373,44.228492]]]}},{"type":"Feature","id":390,"properties":{"name":null,"levels":3,"height":12.6},"geometry":{"type":"Polygon","coordinates":[[[-76.499549,44.228655],[-76.499547,44.228636],[-76.499498,44.22864],[-76.499497,44.228623],[-76.499482,44.228624],[-76.499483,44.228638],[-76.499424,44.228641],[-76.49942,44.228601],[-76.499495,44.228597],[-76.499491,44.22856],[-76.499536,44.228557],[-76.499535,44.228538],[-76.499676,44.22853],[-76.499688,44.228648],[-76.499549,44.228655]]]}},{"type":"Feature","id":391,"properties":{"name":null,"levels":3,"height":12.6},"geometry":{"type":"Polygon","coordinates":[[[-76.499406,44.228761],[-76.499404,44.228734],[-76.49942,44.228728],[-76.49943,44.228718],[-76.499432,44.228709],[-76.49947,44.228708],[-76.499471,44.228715],[-76.49952,44.228713],[-76.499528,44.228712],[-76.499526,44.228694],[-76.499635,44.22869],[-76.499638,44.228733],[-76.499621,44.228734],[-76.499621,44.228752],[-76.499406,44.228761]]]}},{"type":"Feature","id":392,"properties":{"name":null,"levels":3,"height":12.6},"geometry":{"type":"Polygon","coordinates":[[[-76.499445,44.228898],[-76.499436,44.228811],[-76.499536,44.228806],[-76.499536,44.228812],[-76.499684,44.228805],[-76.499692,44.228887],[-76.499445,44.228898]]]}},{"type":"Feature","id":393,"properties":{"name":null,"levels":3,"height":12.6},"geometry":{"type":"Polygon","coordinates":[[[-76.499487,44.229046],[-76.499486,44.22904],[-76.499422,44.229044],[-76.499414,44.228966],[-76.499556,44.228958],[-76.499555,44.228949],[-76.499649,44.228944],[-76.499657,44.229034],[-76.499625,44.229035],[-76.499625,44.22904],[-76.499487,44.229046]]]}},{"type":"Feature","id":394,"properties":{"name":null,"levels":3,"height":12.6},"geometry":{"type":"Polygon","coordinates":[[[-76.499532,44.229135],[-76.499527,44.229083],[-76.499557,44.229082],[-76.499556,44.22908],[-76.499715,44.229073],[-76.49972,44.229126],[-76.499532,44.229135]]]}},{"type":"Feature","id":395,"properties":{"name":null,"levels":3,"height":12.6},"geometry":{"type":"Polygon","coordinates":[[[-76.499597,44.229213],[-76.499595,44.229199],[-76.499568,44.229201],[-76.499562,44.229147],[-76.499591,44.229145],[-76.499591,44.229141],[-76.499717,44.229135],[-76.499718,44.229144],[-76.499755,44.229141],[-76.499759,44.22918],[-76.499722,44.229181],[-76.499724,44.229207],[-76.499597,44.229213]]]}},{"type":"Feature","id":396,"properties":{"name":null,"levels":3,"height":12.6},"geometry":{"type":"Polygon","coordinates":[[[-76.4996,44.229303],[-76.4996,44.22929],[-76.499556,44.229292],[-76.49955,44.22923],[-76.499596,44.229228],[-76.499596,44.229226],[-76.499722,44.22922],[-76.499724,44.229227],[-76.499759,44.229225],[-76.499763,44.229265],[-76.499723,44.229268],[-76.499727,44.229297],[-76.4996,44.229303]]]}},{"type":"Feature","id":397,"properties":{"name":null,"levels":3,"height":12.6},"geometry":{"type":"Polygon","coordinates":[[[-76.499661,44.229432],[-76.499659,44.229408],[-76.499595,44.229412],[-76.49959,44.229356],[-76.499652,44.229353],[-76.499652,44.229351],[-76.499784,44.229344],[-76.499787,44.229374],[-76.4998,44.229373],[-76.499805,44.229424],[-76.499661,44.229432]]]}},{"type":"Feature","id":398,"properties":{"name":null,"levels":3,"height":12.6},"geometry":{"type":"Polygon","coordinates":[[[-76.500045,44.228533],[-76.500042,44.228487],[-76.50006,44.228486],[-76.50006,44.228465],[-76.500137,44.228461],[-76.500136,44.228443],[-76.500232,44.228439],[-76.500238,44.228525],[-76.500045,44.228533]]]}},{"type":"Feature","id":399,"properties":{"name":null,"levels":3,"height":12.6},"geometry":{"type":"Polygon","coordinates":[[[-76.500057,44.228813],[-76.500056,44.228791],[-76.500078,44.22879],[-76.500075,44.228744],[-76.500194,44.22874],[-76.500197,44.228788],[-76.500236,44.228787],[-76.500238,44.228808],[-76.500057,44.228813]]]}},{"type":"Feature","id":400,"properties":{"name":null,"levels":3,"height":12.6},"geometry":{"type":"Polygon","coordinates":[[[-76.500085,44.228907],[-76.500084,44.228872],[-76.500061,44.228872],[-76.50006,44.228841],[-76.500083,44.228841],[-76.500083,44.228833],[-76.500219,44.228831],[-76.50022,44.22884],[-76.500307,44.228839],[-76.500309,44.228904],[-76.500221,44.228905],[-76.500085,44.228907]]]}},{"type":"Feature","id":401,"properties":{"name":null,"levels":3,"height":12.6},"geometry":{"type":"Polygon","coordinates":[[[-76.500061,44.228989],[-76.500056,44.228926],[-76.500084,44.228925],[-76.500084,44.228924],[-76.500325,44.228917],[-76.500354,44.228917],[-76.500357,44.228975],[-76.500203,44.228979],[-76.500203,44.228986],[-76.500061,44.228989]]]}},{"type":"Feature","id":402,"properties":{"name":null,"levels":3,"height":12.6},"geometry":{"type":"Polygon","coordinates":[[[-76.500388,44.228824],[-76.500385,44.228788],[-76.500399,44.228787],[-76.500398,44.228761],[-76.50041,44.228761],[-76.500416,44.228753],[-76.500446,44.228752],[-76.500455,44.22876],[-76.500497,44.228759],[-76.500501,44.22882],[-76.500388,44.228824]]]}},{"type":"Feature","id":403,"properties":{"name":null,"levels":3,"height":12.6},"geometry":{"type":"Polygon","coordinates":[[[-76.500085,44.229109],[-76.500082,44.229028],[-76.500256,44.229024],[-76.50026,44.229104],[-76.500085,44.229109]]]}},{"type":"Feature","id":404,"properties":{"name":null,"levels":3,"height":12.6},"geometry":{"type":"Polygon","coordinates":[[[-76.500109,44.229366],[-76.500107,44.229326],[-76.500119,44.229326],[-76.500119,44.229306],[-76.500205,44.229303],[-76.500205,44.229284],[-76.500288,44.229282],[-76.500293,44.229361],[-76.500109,44.229366]]]}},{"type":"Feature","id":405,"properties":{"name":null,"levels":3,"height":12.6},"geometry":{"type":"Polygon","coordinates":[[[-76.500195,44.229209],[-76.500195,44.229198],[-76.50011,44.2292],[-76.500108,44.229177],[-76.500087,44.229178],[-76.500084,44.229135],[-76.500204,44.229132],[-76.500204,44.229124],[-76.500283,44.229121],[-76.500283,44.229124],[-76.500319,44.229123],[-76.500321,44.229151],[-76.500348,44.229151],[-76.50035,44.22919],[-76.500284,44.229192],[-76.500285,44.229206],[-76.500195,44.229209]]]}},{"type":"Feature","id":406,"properties":{"name":null,"levels":3,"height":12.6},"geometry":{"type":"Polygon","coordinates":[[[-76.500879,44.22557],[-76.500874,44.225515],[-76.500935,44.225512],[-76.500932,44.225486],[-76.501122,44.225476],[-76.501126,44.225527],[-76.5011,44.225527],[-76.501103,44.225559],[-76.500879,44.22557]]]}},{"type":"Feature","id":407,"properties":{"name":null,"levels":3,"height":12.6},"geometry":{"type":"Polygon","coordinates":[[[-76.500948,44.225657],[-76.50094,44.225576],[-76.501097,44.225568],[-76.501102,44.225568],[-76.501105,44.225596],[-76.50113,44.225595],[-76.501135,44.225648],[-76.500948,44.225657]]]}},{"type":"Feature","id":408,"properties":{"name":null,"levels":3,"height":12.6},"geometry":{"type":"Polygon","coordinates":[[[-76.500967,44.225774],[-76.500955,44.225703],[-76.501104,44.225691],[-76.501107,44.225719],[-76.501117,44.225718],[-76.501124,44.225761],[-76.500967,44.225774]]]}},{"type":"Feature","id":409,"properties":{"name":null,"levels":3,"height":12.6},"geometry":{"type":"Polygon","coordinates":[[[-76.500927,44.225875],[-76.500917,44.225794],[-76.501125,44.225782],[-76.501133,44.22585],[-76.501045,44.225855],[-76.501047,44.225869],[-76.500927,44.225875]]]}},{"type":"Feature","id":410,"properties":{"name":null,"levels":3,"height":12.6},"geometry":{"type":"Polygon","coordinates":[[[-76.501011,44.225994],[-76.501003,44.225928],[-76.500962,44.225929],[-76.500957,44.225894],[-76.501152,44.225883],[-76.501164,44.225985],[-76.501011,44.225994]]]}},{"type":"Feature","id":411,"properties":{"name":null,"levels":3,"height":12.6},"geometry":{"type":"Polygon","coordinates":[[[-76.501057,44.226212],[-76.501054,44.226194],[-76.501004,44.226198],[-76.501,44.226178],[-76.50097,44.22618],[-76.500964,44.226145],[-76.500934,44.226148],[-76.500928,44.226112],[-76.501017,44.226105],[-76.501021,44.22613],[-76.501057,44.226128],[-76.501059,44.22614],[-76.501154,44.226132],[-76.501155,44.226143],[-76.501173,44.226142],[-76.501182,44.226194],[-76.50116,44.226195],[-76.501162,44.226203],[-76.501057,44.226212]]]}},{"type":"Feature","id":412,"properties":{"name":null,"levels":3,"height":12.6},"geometry":{"type":"Polygon","coordinates":[[[-76.500979,44.226107],[-76.500964,44.226034],[-76.501034,44.226028],[-76.501039,44.226062],[-76.501069,44.226059],[-76.501068,44.226045],[-76.501167,44.226036],[-76.501177,44.226094],[-76.501079,44.226103],[-76.501079,44.226099],[-76.501075,44.226099],[-76.500979,44.226107]]]}},{"type":"Feature","id":413,"properties":{"name":null,"levels":3,"height":12.6},"geometry":{"type":"Polygon","coordinates":[[[-76.501062,44.2263448],[-76.5010595,44.2263281],[-76.501025,44.2263308],[-76.5010265,44.2263405],[-76.5009487,44.2263465],[-76.5009348,44.2262544],[-76.501012,44.2262484],[-76.5010136,44.2262587],[-76.5010494,44.2262559],[-76.501047,44.2262403],[-76.5011472,44.2262325],[-76.501163,44.2263369],[-76.501062,44.2263448]]]}},{"type":"Feature","id":414,"properties":{"name":null,"levels":3,"height":12.6},"geometry":{"type":"Polygon","coordinates":[[[-76.500957,44.226435],[-76.500952,44.226368],[-76.501038,44.226364],[-76.50104,44.226391],[-76.501065,44.22639],[-76.501063,44.226364],[-76.501066,44.226363],[-76.501189,44.226358],[-76.501193,44.226406],[-76.501188,44.226406],[-76.50119,44.226429],[-76.501069,44.226434],[-76.501067,44.226421],[-76.501045,44.226423],[-76.501045,44.226432],[-76.500957,44.226435]]]}},{"type":"Feature","id":415,"properties":{"name":null,"levels":3,"height":12.6},"geometry":{"type":"Polygon","coordinates":[[[-76.501077,44.226527],[-76.501077,44.226526],[-76.501041,44.226527],[-76.501038,44.226497],[-76.501074,44.226496],[-76.501071,44.226456],[-76.501199,44.226452],[-76.501205,44.226522],[-76.501077,44.226527]]]}},{"type":"Feature","id":416,"properties":{"name":null,"levels":3,"height":12.6},"geometry":{"type":"Polygon","coordinates":[[[-76.501449,44.22573],[-76.501437,44.225654],[-76.501577,44.225642],[-76.501589,44.225719],[-76.501449,44.22573]]]}},{"type":"Feature","id":417,"properties":{"name":null,"levels":3,"height":12.6},"geometry":{"type":"Polygon","coordinates":[[[-76.501471,44.225868],[-76.501465,44.225838],[-76.501434,44.225841],[-76.501423,44.225777],[-76.501592,44.225761],[-76.501594,44.225768],[-76.501624,44.225766],[-76.501636,44.22583],[-76.501603,44.225833],[-76.501607,44.225855],[-76.501471,44.225868]]]}},{"type":"Feature","id":418,"properties":{"name":null,"levels":3,"height":12.6},"geometry":{"type":"Polygon","coordinates":[[[-76.501468,44.225995],[-76.501452,44.225902],[-76.501632,44.225887],[-76.501648,44.225979],[-76.501468,44.225995]]]}},{"type":"Feature","id":419,"properties":{"name":null,"levels":3,"height":12.6},"geometry":{"type":"Polygon","coordinates":[[[-76.501586,44.226298],[-76.501583,44.226282],[-76.501491,44.226292],[-76.501489,44.226283],[-76.501453,44.226286],[-76.501449,44.226258],[-76.501481,44.226255],[-76.501475,44.226228],[-76.501629,44.226212],[-76.501632,44.226228],[-76.501674,44.226225],[-76.50168,44.226251],[-76.5017,44.226249],[-76.501707,44.226286],[-76.501586,44.226298]]]}},{"type":"Feature","id":420,"properties":{"name":null,"levels":3,"height":12.6},"geometry":{"type":"Polygon","coordinates":[[[-76.501488,44.226132],[-76.501474,44.226022],[-76.501544,44.226016],[-76.501546,44.226041],[-76.50169,44.226031],[-76.5017,44.226118],[-76.501488,44.226132]]]}},{"type":"Feature","id":421,"properties":{"name":null,"levels":3,"height":12.6},"geometry":{"type":"Polygon","coordinates":[[[-76.501501,44.226396],[-76.501499,44.22639],[-76.501478,44.226392],[-76.501473,44.226369],[-76.501499,44.226364],[-76.501492,44.226327],[-76.501618,44.226313],[-76.501619,44.22632],[-76.501657,44.226316],[-76.50166,44.226335],[-76.50172,44.226329],[-76.501728,44.226369],[-76.501627,44.22638],[-76.501628,44.226383],[-76.501501,44.226396]]]}},{"type":"Feature","id":422,"properties":{"name":null,"levels":3,"height":12.6},"geometry":{"type":"Polygon","coordinates":[[[-76.501624,44.226478],[-76.501623,44.226468],[-76.501531,44.226474],[-76.501528,44.226474],[-76.501527,44.226469],[-76.50149,44.226472],[-76.501484,44.226419],[-76.501619,44.226411],[-76.501622,44.226427],[-76.501682,44.226423],[-76.501688,44.226474],[-76.501624,44.226478]]]}},{"type":"Feature","id":423,"properties":{"name":null,"levels":3,"height":12.6},"geometry":{"type":"Polygon","coordinates":[[[-76.500639,44.227],[-76.500622,44.226939],[-76.500607,44.226941],[-76.500592,44.226888],[-76.500631,44.226883],[-76.500624,44.226855],[-76.50066,44.22685],[-76.500667,44.226875],[-76.500702,44.22687],[-76.500731,44.226978],[-76.500701,44.226982],[-76.500702,44.226991],[-76.500639,44.227]]]}},{"type":"Feature","id":424,"properties":{"name":null,"levels":3,"height":12.6},"geometry":{"type":"Polygon","coordinates":[[[-76.500759,44.227005],[-76.500727,44.226918],[-76.500763,44.226912],[-76.500752,44.226882],[-76.500809,44.226872],[-76.50082,44.2269],[-76.500825,44.226899],[-76.500857,44.226987],[-76.500759,44.227005]]]}},{"type":"Feature","id":425,"properties":{"name":null,"levels":3,"height":12.6},"geometry":{"type":"Polygon","coordinates":[[[-76.501076,44.22661],[-76.501075,44.226597],[-76.501012,44.2266],[-76.501007,44.226549],[-76.501072,44.226545],[-76.501071,44.226538],[-76.501209,44.226531],[-76.501216,44.226599],[-76.5012,44.2266],[-76.5012,44.226604],[-76.501076,44.22661]]]}},{"type":"Feature","id":426,"properties":{"name":null,"levels":3,"height":12.6},"geometry":{"type":"Polygon","coordinates":[[[-76.501084,44.226697],[-76.501084,44.22669],[-76.501026,44.226694],[-76.501019,44.226638],[-76.501074,44.226635],[-76.501072,44.226627],[-76.501196,44.22662],[-76.501196,44.226625],[-76.501223,44.226624],[-76.501229,44.22668],[-76.501204,44.226682],[-76.501204,44.226689],[-76.501084,44.226697]]]}},{"type":"Feature","id":427,"properties":{"name":null,"levels":3,"height":12.6},"geometry":{"type":"Polygon","coordinates":[[[-76.500882,44.226984],[-76.500843,44.22687],[-76.500848,44.226869],[-76.500835,44.226829],[-76.500903,44.226817],[-76.500929,44.226893],[-76.500943,44.22689],[-76.50097,44.226968],[-76.500882,44.226984]]]}},{"type":"Feature","id":428,"properties":{"name":null,"levels":3,"height":12.6},"geometry":{"type":"Polygon","coordinates":[[[-76.5010699,44.2269522],[-76.5010416,44.2268738],[-76.5011274,44.2268586],[-76.5011562,44.2269373],[-76.5010699,44.2269522]]]}},{"type":"Feature","id":429,"properties":{"name":null,"levels":3,"height":12.6},"geometry":{"type":"Polygon","coordinates":[[[-76.5007842,44.2274406],[-76.5006654,44.2274438],[-76.500656,44.2273755],[-76.5006788,44.2273748],[-76.5006697,44.2272955],[-76.5007688,44.2272915],[-76.5007842,44.2274406]]]}},{"type":"Feature","id":430,"properties":{"name":null,"levels":3,"height":12.6},"geometry":{"type":"Polygon","coordinates":[[[-76.501136,44.227446],[-76.501123,44.227345],[-76.501243,44.227338],[-76.501243,44.227349],[-76.501273,44.227347],[-76.501283,44.227432],[-76.501252,44.227434],[-76.501253,44.22744],[-76.501136,44.227446]]]}},{"type":"Feature","id":431,"properties":{"name":null,"levels":3,"height":12.6},"geometry":{"type":"Polygon","coordinates":[[[-76.501641,44.226619],[-76.501639,44.226601],[-76.501603,44.226603],[-76.50159,44.226499],[-76.501677,44.226493],[-76.501692,44.226617],[-76.501641,44.226619]]]}},{"type":"Feature","id":432,"properties":{"name":null,"levels":3,"height":12.6},"geometry":{"type":"Polygon","coordinates":[[[-76.50154,44.226855],[-76.50152,44.226741],[-76.501532,44.22674],[-76.501517,44.22665],[-76.501609,44.226642],[-76.501607,44.226636],[-76.501672,44.226629],[-76.50169,44.226731],[-76.501679,44.226732],[-76.501693,44.226819],[-76.501583,44.226829],[-76.501588,44.226851],[-76.50154,44.226855]]]}},{"type":"Feature","id":433,"properties":{"name":null,"levels":3,"height":12.6},"geometry":{"type":"Polygon","coordinates":[[[-76.501805,44.226624],[-76.501799,44.226553],[-76.501898,44.226549],[-76.501904,44.22662],[-76.501805,44.226624]]]}},{"type":"Feature","id":434,"properties":{"name":null,"levels":3,"height":12.6},"geometry":{"type":"Polygon","coordinates":[[[-76.501766,44.226809],[-76.501763,44.226792],[-76.501726,44.226796],[-76.501705,44.226706],[-76.501759,44.2267],[-76.501758,44.226693],[-76.501836,44.226683],[-76.501858,44.226782],[-76.501823,44.226787],[-76.501827,44.226802],[-76.501797,44.226806],[-76.501766,44.226809]]]}},{"type":"Feature","id":435,"properties":{"name":null,"levels":3,"height":12.6},"geometry":{"type":"Polygon","coordinates":[[[-76.501632,44.227217],[-76.50163,44.227186],[-76.501561,44.227188],[-76.501555,44.227109],[-76.501595,44.227107],[-76.501594,44.227101],[-76.501665,44.227094],[-76.501689,44.227094],[-76.501696,44.227187],[-76.50168,44.227188],[-76.501682,44.227215],[-76.501632,44.227217]]]}},{"type":"Feature","id":436,"properties":{"name":null,"levels":3,"height":12.6},"geometry":{"type":"Polygon","coordinates":[[[-76.501749,44.227185],[-76.501747,44.227152],[-76.501742,44.227152],[-76.501738,44.227091],[-76.501756,44.227091],[-76.501753,44.227055],[-76.501783,44.227049],[-76.501818,44.227048],[-76.501847,44.227051],[-76.501848,44.227059],[-76.50189,44.227058],[-76.501899,44.227179],[-76.501749,44.227185]]]}},{"type":"Feature","id":437,"properties":{"name":null,"levels":3,"height":12.6},"geometry":{"type":"Polygon","coordinates":[[[-76.501577,44.227372],[-76.501574,44.227338],[-76.501551,44.227339],[-76.501548,44.227304],[-76.501669,44.227299],[-76.501679,44.227299],[-76.501685,44.227368],[-76.501577,44.227372]]]}},{"type":"Feature","id":438,"properties":{"name":null,"levels":3,"height":12.6},"geometry":{"type":"Polygon","coordinates":[[[-76.501597,44.227496],[-76.501595,44.227473],[-76.501556,44.227475],[-76.501552,44.227435],[-76.501594,44.227434],[-76.501592,44.227408],[-76.50171,44.227389],[-76.501718,44.22749],[-76.501597,44.227496]]]}},{"type":"Feature","id":439,"properties":{"name":null,"levels":3,"height":12.6},"geometry":{"type":"Polygon","coordinates":[[[-76.502102,44.225579],[-76.502102,44.225571],[-76.502067,44.225573],[-76.502064,44.225527],[-76.502099,44.225525],[-76.502097,44.225507],[-76.502249,44.225499],[-76.502255,44.225557],[-76.502167,44.225562],[-76.502169,44.225575],[-76.502102,44.225579]]]}},{"type":"Feature","id":440,"properties":{"name":null,"levels":3,"height":12.6},"geometry":{"type":"Polygon","coordinates":[[[-76.502162,44.225725],[-76.502162,44.225705],[-76.502072,44.225707],[-76.50207,44.225667],[-76.50211,44.225666],[-76.502109,44.225655],[-76.502161,44.225653],[-76.502161,44.225651],[-76.502211,44.225649],[-76.502211,44.225663],[-76.502269,44.225662],[-76.502273,44.225722],[-76.502162,44.225725]]]}},{"type":"Feature","id":441,"properties":{"name":null,"levels":3,"height":12.6},"geometry":{"type":"Polygon","coordinates":[[[-76.502086,44.225803],[-76.502082,44.225766],[-76.502167,44.225762],[-76.502165,44.22573],[-76.502273,44.225725],[-76.502277,44.225785],[-76.502177,44.225789],[-76.502177,44.225799],[-76.502086,44.225803]]]}},{"type":"Feature","id":442,"properties":{"name":null,"levels":3,"height":12.6},"geometry":{"type":"Polygon","coordinates":[[[-76.50216,44.225926],[-76.502153,44.225856],[-76.502282,44.225851],[-76.502288,44.225921],[-76.50216,44.225926]]]}},{"type":"Feature","id":443,"properties":{"name":null,"levels":3,"height":12.6},"geometry":{"type":"Polygon","coordinates":[[[-76.502163,44.226054],[-76.502163,44.226045],[-76.502131,44.226046],[-76.502125,44.225981],[-76.502158,44.225978],[-76.502158,44.225974],[-76.502286,44.225969],[-76.502293,44.226049],[-76.502163,44.226054]]]}},{"type":"Feature","id":444,"properties":{"name":null,"levels":3,"height":12.6},"geometry":{"type":"Polygon","coordinates":[[[-76.502094,44.22618],[-76.502094,44.226119],[-76.502052,44.226119],[-76.502051,44.226066],[-76.502151,44.226065],[-76.502152,44.226094],[-76.502174,44.226093],[-76.502175,44.226103],[-76.50229,44.226102],[-76.50229,44.226124],[-76.502298,44.226124],[-76.502299,44.226177],[-76.502094,44.22618]]]}},{"type":"Feature","id":445,"properties":{"name":null,"levels":3,"height":12.6},"geometry":{"type":"Polygon","coordinates":[[[-76.502083,44.226297],[-76.502079,44.226224],[-76.50218,44.226221],[-76.50218,44.226223],[-76.502307,44.22622],[-76.50231,44.226265],[-76.502305,44.226266],[-76.502307,44.226292],[-76.502083,44.226297]]]}},{"type":"Feature","id":446,"properties":{"name":null,"levels":3,"height":12.6},"geometry":{"type":"Polygon","coordinates":[[[-76.502186,44.22641],[-76.502186,44.226408],[-76.502155,44.226408],[-76.502154,44.226358],[-76.502182,44.226358],[-76.502182,44.226331],[-76.502244,44.22633],[-76.502245,44.226342],[-76.5023,44.226342],[-76.502301,44.226409],[-76.502186,44.22641]]]}},{"type":"Feature","id":447,"properties":{"name":null,"levels":3,"height":12.6},"geometry":{"type":"Polygon","coordinates":[[[-76.502672,44.225609],[-76.502671,44.225599],[-76.502664,44.225599],[-76.502662,44.225587],[-76.502632,44.225589],[-76.50263,44.225551],[-76.502659,44.225551],[-76.502657,44.225513],[-76.502727,44.225511],[-76.502769,44.22551],[-76.502769,44.225518],[-76.50283,44.225515],[-76.502834,44.225593],[-76.502829,44.225593],[-76.502829,44.2256],[-76.502773,44.225601],[-76.502773,44.225606],[-76.502672,44.225609]]]}},{"type":"Feature","id":448,"properties":{"name":null,"levels":3,"height":12.6},"geometry":{"type":"Polygon","coordinates":[[[-76.502671,44.22574],[-76.502669,44.225693],[-76.502636,44.225694],[-76.502633,44.225653],[-76.502667,44.225652],[-76.502665,44.225645],[-76.502761,44.225642],[-76.502791,44.225642],[-76.502793,44.225648],[-76.502813,44.225647],[-76.502815,44.225677],[-76.502794,44.225678],[-76.502798,44.225736],[-76.502671,44.22574]]]}},{"type":"Feature","id":449,"properties":{"name":null,"levels":3,"height":12.6},"geometry":{"type":"Polygon","coordinates":[[[-76.5027,44.226001],[-76.5027,44.225995],[-76.502686,44.225996],[-76.502683,44.225956],[-76.502658,44.225957],[-76.502654,44.225889],[-76.502683,44.225888],[-76.502682,44.225886],[-76.5028,44.225882],[-76.502814,44.225882],[-76.502818,44.225948],[-76.50285,44.225947],[-76.502853,44.22599],[-76.502809,44.225991],[-76.502809,44.225998],[-76.5027,44.226001]]]}},{"type":"Feature","id":450,"properties":{"name":null,"levels":3,"height":12.6},"geometry":{"type":"Polygon","coordinates":[[[-76.502683,44.226144],[-76.502678,44.226072],[-76.502698,44.226071],[-76.502696,44.226016],[-76.502913,44.22601],[-76.502916,44.226052],[-76.502836,44.226054],[-76.502838,44.226085],[-76.502892,44.226083],[-76.502895,44.226141],[-76.502839,44.226142],[-76.502839,44.22614],[-76.502683,44.226144]]]}},{"type":"Feature","id":451,"properties":{"name":null,"levels":3,"height":12.6},"geometry":{"type":"Polygon","coordinates":[[[-76.502728,44.226285],[-76.502722,44.226192],[-76.502738,44.226191],[-76.502736,44.226157],[-76.502843,44.226152],[-76.502847,44.226187],[-76.502868,44.226186],[-76.502868,44.226194],[-76.502904,44.226193],[-76.50291,44.226255],[-76.502871,44.226256],[-76.502873,44.22628],[-76.502728,44.226285]]]}},{"type":"Feature","id":452,"properties":{"name":null,"levels":3,"height":12.6},"geometry":{"type":"Polygon","coordinates":[[[-76.502768,44.226497],[-76.502768,44.226486],[-76.502743,44.226488],[-76.502743,44.226481],[-76.502735,44.226481],[-76.502727,44.22637],[-76.502773,44.22635],[-76.502851,44.226347],[-76.502853,44.226373],[-76.502908,44.226371],[-76.502908,44.22638],[-76.502968,44.226377],[-76.502972,44.226432],[-76.502996,44.226431],[-76.502999,44.226471],[-76.502943,44.226472],[-76.502944,44.22649],[-76.502768,44.226497]]]}},{"type":"Feature","id":453,"properties":{"name":null,"levels":3,"height":12.6},"geometry":{"type":"Polygon","coordinates":[[[-76.501965,44.22677],[-76.501964,44.226764],[-76.501932,44.226767],[-76.501911,44.226681],[-76.501915,44.226681],[-76.501907,44.22665],[-76.502007,44.226637],[-76.50201,44.226637],[-76.50204,44.226761],[-76.501965,44.22677]]]}},{"type":"Feature","id":454,"properties":{"name":null,"levels":3,"height":12.6},"geometry":{"type":"Polygon","coordinates":[[[-76.502048,44.226734],[-76.502041,44.226644],[-76.502062,44.226642],[-76.50206,44.226617],[-76.502089,44.226616],[-76.502104,44.226616],[-76.502106,44.226642],[-76.502139,44.22664],[-76.502147,44.22673],[-76.502048,44.226734]]]}},{"type":"Feature","id":455,"properties":{"name":null,"levels":3,"height":12.6},"geometry":{"type":"Polygon","coordinates":[[[-76.50215,44.226708],[-76.502139,44.226621],[-76.502161,44.226619],[-76.502158,44.226595],[-76.502203,44.226593],[-76.502206,44.226613],[-76.50224,44.22661],[-76.502251,44.226701],[-76.50215,44.226708]]]}},{"type":"Feature","id":456,"properties":{"name":null,"levels":3,"height":12.6},"geometry":{"type":"Polygon","coordinates":[[[-76.502297,44.226703],[-76.502297,44.226674],[-76.502262,44.226677],[-76.502245,44.226564],[-76.502274,44.226562],[-76.502269,44.226533],[-76.502342,44.226527],[-76.502346,44.226559],[-76.502361,44.226558],[-76.502369,44.226606],[-76.50236,44.226606],[-76.502368,44.226669],[-76.502348,44.226671],[-76.50235,44.2267],[-76.502297,44.226703]]]}},{"type":"Feature","id":457,"properties":{"name":null,"levels":3,"height":12.6},"geometry":{"type":"Polygon","coordinates":[[[-76.502133,44.227041],[-76.502133,44.227015],[-76.502086,44.227017],[-76.502084,44.22697],[-76.502163,44.226967],[-76.502164,44.226956],[-76.502225,44.226954],[-76.502226,44.226974],[-76.502291,44.226973],[-76.502295,44.227036],[-76.502133,44.227041]]]}},{"type":"Feature","id":458,"properties":{"name":null,"levels":3,"height":12.6},"geometry":{"type":"Polygon","coordinates":[[[-76.502159,44.227171],[-76.502157,44.227124],[-76.502196,44.227122],[-76.502193,44.227083],[-76.502297,44.227079],[-76.502303,44.227079],[-76.502308,44.227167],[-76.502159,44.227171]]]}},{"type":"Feature","id":459,"properties":{"name":null,"levels":3,"height":12.6},"geometry":{"type":"Polygon","coordinates":[[[-76.502209,44.227276],[-76.502209,44.227263],[-76.50217,44.227264],[-76.502168,44.227223],[-76.502203,44.227222],[-76.502203,44.227204],[-76.502309,44.227201],[-76.502343,44.2272],[-76.502347,44.227256],[-76.50231,44.227258],[-76.502311,44.227273],[-76.502209,44.227276]]]}},{"type":"Feature","id":460,"properties":{"name":null,"levels":3,"height":12.6},"geometry":{"type":"Polygon","coordinates":[[[-76.502205,44.22745],[-76.502205,44.22743],[-76.502165,44.227431],[-76.502161,44.227395],[-76.502349,44.227389],[-76.502352,44.227445],[-76.502205,44.22745]]]}},{"type":"Feature","id":461,"properties":{"name":null,"levels":3,"height":12.6},"geometry":{"type":"Polygon","coordinates":[[[-76.502217,44.227381],[-76.502217,44.227372],[-76.502188,44.227374],[-76.502184,44.227321],[-76.502318,44.227317],[-76.50232,44.227342],[-76.502349,44.227342],[-76.502351,44.227371],[-76.502301,44.227372],[-76.502301,44.227378],[-76.502217,44.227381]]]}},{"type":"Feature","id":462,"properties":{"name":null,"levels":3,"height":12.6},"geometry":{"type":"Polygon","coordinates":[[[-76.502668,44.22696],[-76.502664,44.226869],[-76.502803,44.226867],[-76.502806,44.226958],[-76.502668,44.22696]]]}},{"type":"Feature","id":463,"properties":{"name":null,"levels":3,"height":12.6},"geometry":{"type":"Polygon","coordinates":[[[-76.503005,44.226935],[-76.503003,44.226918],[-76.502995,44.226918],[-76.502993,44.226883],[-76.502961,44.226884],[-76.5029568,44.2268172],[-76.502954,44.226774],[-76.502959,44.226774],[-76.502959,44.226763],[-76.503008,44.226761],[-76.503008,44.226773],[-76.503081,44.226771],[-76.50309,44.226933],[-76.503005,44.226935]]]}},{"type":"Feature","id":464,"properties":{"name":null,"levels":3,"height":12.6},"geometry":{"type":"Polygon","coordinates":[[[-76.502685,44.227074],[-76.502682,44.226987],[-76.502868,44.226985],[-76.502872,44.22707],[-76.502685,44.227074]]]}},{"type":"Feature","id":465,"properties":{"name":null,"levels":3,"height":12.6},"geometry":{"type":"Polygon","coordinates":[[[-76.502699,44.227189],[-76.502699,44.227175],[-76.502676,44.227175],[-76.502673,44.227093],[-76.502743,44.227092],[-76.502867,44.22709],[-76.502869,44.227152],[-76.50284,44.227153],[-76.502841,44.227186],[-76.502699,44.227189]]]}},{"type":"Feature","id":466,"properties":{"name":null,"levels":3,"height":12.6},"geometry":{"type":"Polygon","coordinates":[[[-76.502717,44.227324],[-76.502715,44.227315],[-76.502705,44.227315],[-76.502704,44.227294],[-76.502697,44.227294],[-76.502694,44.227247],[-76.502713,44.227247],[-76.502713,44.227239],[-76.502819,44.227236],[-76.502821,44.227242],[-76.502843,44.227242],[-76.502848,44.227317],[-76.502825,44.227317],[-76.502825,44.227322],[-76.502717,44.227324]]]}},{"type":"Feature","id":467,"properties":{"name":null,"levels":3,"height":12.6},"geometry":{"type":"Polygon","coordinates":[[[-76.502696,44.227455],[-76.502694,44.227436],[-76.502673,44.227437],[-76.502671,44.227405],[-76.50269,44.227405],[-76.502688,44.227376],[-76.50281,44.227373],[-76.502811,44.227383],[-76.502869,44.227381],[-76.502871,44.227406],[-76.502883,44.227405],[-76.502883,44.22742],[-76.502874,44.22742],[-76.502876,44.22745],[-76.502696,44.227455]]]}},{"type":"Feature","id":468,"properties":{"name":null,"levels":3,"height":12.6},"geometry":{"type":"Polygon","coordinates":[[[-76.5032362,44.2275611],[-76.5032064,44.227542],[-76.5032061,44.2275192],[-76.5032367,44.2274943],[-76.5032092,44.2274769],[-76.5032091,44.2274678],[-76.5032248,44.2274558],[-76.5032044,44.2274421],[-76.5032037,44.2274172],[-76.5031978,44.2274173],[-76.5031959,44.2273434],[-76.5032884,44.2273421],[-76.5032902,44.2274101],[-76.503317,44.2274269],[-76.5033121,44.227431],[-76.5033759,44.227471],[-76.5032684,44.2275591],[-76.5032362,44.2275611]]]}},{"type":"Feature","id":469,"properties":{"name":null,"levels":3,"height":12.6},"geometry":{"type":"Polygon","coordinates":[[[-76.5004428,44.2277435],[-76.5004348,44.2276665],[-76.5005298,44.2276615],[-76.5005378,44.2277385],[-76.5004428,44.2277435]]]}},{"type":"Feature","id":470,"properties":{"name":null,"levels":3,"height":12.6},"geometry":{"type":"Polygon","coordinates":[[[-76.500825,44.227701],[-76.500815,44.227588],[-76.500901,44.227583],[-76.500912,44.227696],[-76.500825,44.227701]]]}},{"type":"Feature","id":471,"properties":{"name":null,"levels":3,"height":12.6},"geometry":{"type":"Polygon","coordinates":[[[-76.50106,44.227606],[-76.501045,44.227606],[-76.501042,44.2276],[-76.501035,44.227515],[-76.500916,44.227521],[-76.500911,44.227458],[-76.501056,44.227451],[-76.501068,44.227451],[-76.501072,44.227499],[-76.501257,44.227491],[-76.501259,44.227523],[-76.501284,44.227522],[-76.501288,44.227556],[-76.501288,44.227564],[-76.501259,44.227565],[-76.501261,44.227595],[-76.50106,44.227606]]]}},{"type":"Feature","id":472,"properties":{"name":null,"levels":3,"height":12.6},"geometry":{"type":"Polygon","coordinates":[[[-76.501137,44.22774],[-76.501135,44.227715],[-76.501086,44.227718],[-76.501083,44.227683],[-76.501133,44.227681],[-76.501131,44.227665],[-76.501268,44.227658],[-76.501269,44.227661],[-76.501291,44.22766],[-76.501298,44.227732],[-76.501137,44.22774]]]}},{"type":"Feature","id":473,"properties":{"name":null,"levels":3,"height":12.6},"geometry":{"type":"Polygon","coordinates":[[[-76.501146,44.227849],[-76.501143,44.227822],[-76.501094,44.227825],[-76.501091,44.227788],[-76.501138,44.227785],[-76.501136,44.22777],[-76.501275,44.227763],[-76.501275,44.227767],[-76.501304,44.227766],[-76.501305,44.227768],[-76.501311,44.227839],[-76.50128,44.22784],[-76.50128,44.227843],[-76.501146,44.227849]]]}},{"type":"Feature","id":474,"properties":{"name":null,"levels":3,"height":12.6},"geometry":{"type":"Polygon","coordinates":[[[-76.501111,44.22794],[-76.501109,44.227908],[-76.501034,44.227911],[-76.501028,44.227856],[-76.501111,44.227853],[-76.501112,44.227876],[-76.501283,44.227869],[-76.501287,44.227933],[-76.501111,44.22794]]]}},{"type":"Feature","id":475,"properties":{"name":null,"levels":3,"height":12.6},"geometry":{"type":"Polygon","coordinates":[[[-76.500549,44.228246],[-76.500541,44.228135],[-76.50063,44.228132],[-76.500638,44.228243],[-76.500549,44.228246]]]}},{"type":"Feature","id":476,"properties":{"name":null,"levels":3,"height":12.6},"geometry":{"type":"Polygon","coordinates":[[[-76.500518,44.228508],[-76.500507,44.228378],[-76.5006,44.228374],[-76.500605,44.228374],[-76.50061,44.22842],[-76.500595,44.228421],[-76.5006,44.228485],[-76.500592,44.228485],[-76.500594,44.228505],[-76.500518,44.228508]]]}},{"type":"Feature","id":477,"properties":{"name":null,"levels":3,"height":12.6},"geometry":{"type":"Polygon","coordinates":[[[-76.500673,44.228506],[-76.500659,44.228392],[-76.500666,44.228391],[-76.500663,44.228367],[-76.500683,44.228366],[-76.50068,44.228345],[-76.500728,44.228342],[-76.500731,44.228362],[-76.500752,44.228361],[-76.500755,44.228391],[-76.50076,44.228391],[-76.500773,44.2285],[-76.500673,44.228506]]]}},{"type":"Feature","id":478,"properties":{"name":null,"levels":3,"height":12.6},"geometry":{"type":"Polygon","coordinates":[[[-76.500832,44.22849],[-76.500831,44.228475],[-76.50078,44.228478],[-76.500771,44.228365],[-76.500872,44.22836],[-76.500882,44.228487],[-76.500832,44.22849]]]}},{"type":"Feature","id":479,"properties":{"name":null,"levels":3,"height":12.6},"geometry":{"type":"Polygon","coordinates":[[[-76.501117,44.228023],[-76.501114,44.227964],[-76.501243,44.227959],[-76.501288,44.227959],[-76.501292,44.228017],[-76.501117,44.228023]]]}},{"type":"Feature","id":480,"properties":{"name":null,"levels":3,"height":12.6},"geometry":{"type":"Polygon","coordinates":[[[-76.501152,44.228106],[-76.501149,44.228073],[-76.501114,44.228075],[-76.501112,44.228049],[-76.501146,44.228048],[-76.501146,44.228044],[-76.501295,44.228038],[-76.501295,44.228041],[-76.501314,44.22804],[-76.501319,44.228085],[-76.501319,44.228094],[-76.501296,44.228095],[-76.501296,44.228099],[-76.501152,44.228106]]]}},{"type":"Feature","id":481,"properties":{"name":null,"levels":3,"height":12.6},"geometry":{"type":"Polygon","coordinates":[[[-76.501219,44.228214],[-76.501218,44.228205],[-76.501165,44.228206],[-76.50116,44.228151],[-76.501141,44.228151],[-76.501139,44.228129],[-76.501153,44.228128],[-76.501153,44.22812],[-76.501207,44.228118],[-76.501205,44.228105],[-76.501319,44.228101],[-76.501328,44.22821],[-76.501219,44.228214]]]}},{"type":"Feature","id":482,"properties":{"name":null,"levels":3,"height":12.6},"geometry":{"type":"Polygon","coordinates":[[[-76.50091,44.228483],[-76.500896,44.228361],[-76.500992,44.228356],[-76.501005,44.228478],[-76.50091,44.228483]]]}},{"type":"Feature","id":483,"properties":{"name":null,"levels":3,"height":12.6},"geometry":{"type":"Polygon","coordinates":[[[-76.501142,44.228319],[-76.501136,44.228236],[-76.501323,44.228229],[-76.501329,44.228313],[-76.501142,44.228319]]]}},{"type":"Feature","id":484,"properties":{"name":null,"levels":3,"height":12.6},"geometry":{"type":"Polygon","coordinates":[[[-76.501668,44.227587],[-76.501666,44.227576],[-76.501595,44.227581],[-76.501587,44.227533],[-76.501686,44.227524],[-76.501685,44.227513],[-76.501745,44.227508],[-76.501749,44.227533],[-76.501795,44.227529],[-76.501801,44.227564],[-76.50171,44.227572],[-76.501711,44.227584],[-76.501668,44.227587]]]}},{"type":"Feature","id":485,"properties":{"name":null,"levels":3,"height":12.6},"geometry":{"type":"Polygon","coordinates":[[[-76.501578,44.22771],[-76.501574,44.227651],[-76.501594,44.22765],[-76.501594,44.227641],[-76.50175,44.227634],[-76.501753,44.227634],[-76.501756,44.227681],[-76.501723,44.227683],[-76.501725,44.227704],[-76.501578,44.22771]]]}},{"type":"Feature","id":486,"properties":{"name":null,"levels":3,"height":12.6},"geometry":{"type":"Polygon","coordinates":[[[-76.50158,44.227825],[-76.501576,44.227762],[-76.501599,44.227761],[-76.501599,44.227757],[-76.501722,44.227751],[-76.50172,44.227729],[-76.501848,44.227724],[-76.501853,44.227798],[-76.501735,44.227803],[-76.501735,44.22782],[-76.50158,44.227825]]]}},{"type":"Feature","id":487,"properties":{"name":null,"levels":3,"height":12.6},"geometry":{"type":"Polygon","coordinates":[[[-76.501632,44.227941],[-76.50163,44.227921],[-76.501615,44.227921],[-76.501613,44.227913],[-76.501611,44.227879],[-76.501624,44.227879],[-76.501623,44.227859],[-76.501735,44.227855],[-76.50174,44.227937],[-76.501632,44.227941]]]}},{"type":"Feature","id":488,"properties":{"name":null,"levels":3,"height":12.6},"geometry":{"type":"Polygon","coordinates":[[[-76.50124,44.228499],[-76.501239,44.228488],[-76.501187,44.22849],[-76.501184,44.228444],[-76.501221,44.228441],[-76.501221,44.228438],[-76.501184,44.22844],[-76.501176,44.228354],[-76.501226,44.228352],[-76.501226,44.228343],[-76.501334,44.228338],[-76.501348,44.228494],[-76.50124,44.228499]]]}},{"type":"Feature","id":489,"properties":{"name":null,"levels":3,"height":12.6},"geometry":{"type":"Polygon","coordinates":[[[-76.501625,44.22806],[-76.50162,44.227982],[-76.501732,44.227978],[-76.501739,44.227978],[-76.501745,44.228056],[-76.501625,44.22806]]]}},{"type":"Feature","id":490,"properties":{"name":null,"levels":3,"height":12.6},"geometry":{"type":"Polygon","coordinates":[[[-76.501649,44.228213],[-76.501646,44.22816],[-76.501631,44.228161],[-76.501629,44.228139],[-76.501644,44.228139],[-76.501642,44.228112],[-76.501739,44.228109],[-76.501746,44.228109],[-76.501748,44.228144],[-76.501769,44.228142],[-76.501772,44.228192],[-76.501751,44.228192],[-76.501752,44.22821],[-76.501649,44.228213]]]}},{"type":"Feature","id":491,"properties":{"name":null,"levels":3,"height":12.6},"geometry":{"type":"Polygon","coordinates":[[[-76.501671,44.22836],[-76.501669,44.228334],[-76.50165,44.228334],[-76.501649,44.228328],[-76.501648,44.228305],[-76.501655,44.228305],[-76.501654,44.228283],[-76.501683,44.228281],[-76.501682,44.228259],[-76.501712,44.228241],[-76.501767,44.228239],[-76.501771,44.228239],[-76.501776,44.228313],[-76.501806,44.228312],[-76.50181,44.228355],[-76.501671,44.22836]]]}},{"type":"Feature","id":492,"properties":{"name":null,"levels":3,"height":12.6},"geometry":{"type":"Polygon","coordinates":[[[-76.501791,44.228498],[-76.501789,44.228472],[-76.501662,44.228476],[-76.501655,44.228382],[-76.501787,44.228377],[-76.501787,44.228374],[-76.501819,44.228372],[-76.501839,44.228372],[-76.501847,44.228496],[-76.501791,44.228498]]]}},{"type":"Feature","id":493,"properties":{"name":null,"levels":3,"height":12.6},"geometry":{"type":"Polygon","coordinates":[[[-76.500549,44.228894],[-76.50054,44.228766],[-76.500613,44.228763],[-76.500614,44.228779],[-76.500746,44.228775],[-76.500753,44.228887],[-76.500549,44.228894]]]}},{"type":"Feature","id":494,"properties":{"name":null,"levels":3,"height":12.6},"geometry":{"type":"Polygon","coordinates":[[[-76.500802,44.228902],[-76.500791,44.228773],[-76.500904,44.228768],[-76.500915,44.228896],[-76.500802,44.228902]]]}},{"type":"Feature","id":495,"properties":{"name":null,"levels":3,"height":12.6},"geometry":{"type":"Polygon","coordinates":[[[-76.500956,44.228927],[-76.50094,44.228775],[-76.500945,44.228774],[-76.500943,44.228753],[-76.500983,44.228751],[-76.500985,44.228772],[-76.501034,44.22877],[-76.501051,44.228921],[-76.500956,44.228927]]]}},{"type":"Feature","id":496,"properties":{"name":null,"levels":3,"height":12.6},"geometry":{"type":"Polygon","coordinates":[[[-76.501091,44.228846],[-76.501089,44.22881],[-76.501081,44.228811],[-76.501074,44.228725],[-76.501123,44.228723],[-76.501132,44.228809],[-76.501164,44.228808],[-76.501167,44.228843],[-76.501091,44.228846]]]}},{"type":"Feature","id":497,"properties":{"name":null,"levels":3,"height":12.6},"geometry":{"type":"Polygon","coordinates":[[[-76.501186,44.228567],[-76.501179,44.228519],[-76.501334,44.228508],[-76.50134,44.228557],[-76.501186,44.228567]]]}},{"type":"Feature","id":498,"properties":{"name":null,"levels":3,"height":12.6},"geometry":{"type":"Polygon","coordinates":[[[-76.501226,44.228791],[-76.501224,44.228766],[-76.501177,44.228769],[-76.501173,44.228708],[-76.501295,44.228702],[-76.501297,44.228725],[-76.501377,44.228722],[-76.501383,44.228784],[-76.501226,44.228791]]]}},{"type":"Feature","id":499,"properties":{"name":null,"levels":3,"height":12.6},"geometry":{"type":"Polygon","coordinates":[[[-76.501182,44.228906],[-76.501176,44.228836],[-76.501364,44.228829],[-76.501366,44.228876],[-76.501387,44.228876],[-76.501389,44.228897],[-76.501182,44.228906]]]}},{"type":"Feature","id":500,"properties":{"name":null,"levels":3,"height":12.6},"geometry":{"type":"Polygon","coordinates":[[[-76.501658,44.228772],[-76.501654,44.228727],[-76.501679,44.228726],[-76.501677,44.228693],[-76.50181,44.228688],[-76.501806,44.228637],[-76.501901,44.228633],[-76.501906,44.228633],[-76.501914,44.228762],[-76.501658,44.228772]]]}},{"type":"Feature","id":501,"properties":{"name":null,"levels":3,"height":12.6},"geometry":{"type":"Polygon","coordinates":[[[-76.501675,44.228906],[-76.501671,44.228841],[-76.501712,44.228839],[-76.50171,44.228825],[-76.501796,44.228822],[-76.501799,44.22887],[-76.501824,44.22887],[-76.501826,44.228891],[-76.5018,44.228891],[-76.5018,44.228902],[-76.501675,44.228906]]]}},{"type":"Feature","id":502,"properties":{"name":null,"levels":3,"height":12.6},"geometry":{"type":"Polygon","coordinates":[[[-76.501223,44.229015],[-76.501217,44.228935],[-76.501347,44.228929],[-76.501369,44.228928],[-76.501376,44.229008],[-76.501223,44.229015]]]}},{"type":"Feature","id":503,"properties":{"name":null,"levels":3,"height":12.6},"geometry":{"type":"Polygon","coordinates":[[[-76.501276,44.229134],[-76.501274,44.229059],[-76.501383,44.229058],[-76.501385,44.229132],[-76.501276,44.229134]]]}},{"type":"Feature","id":504,"properties":{"name":null,"levels":3,"height":12.6},"geometry":{"type":"Polygon","coordinates":[[[-76.501306,44.229298],[-76.501303,44.22926],[-76.501257,44.229261],[-76.501254,44.229199],[-76.501389,44.229195],[-76.501391,44.229223],[-76.501409,44.229223],[-76.501411,44.229249],[-76.501391,44.229249],[-76.501393,44.229295],[-76.501306,44.229298]]]}},{"type":"Feature","id":505,"properties":{"name":null,"levels":3,"height":12.6},"geometry":{"type":"Polygon","coordinates":[[[-76.501218,44.229515],[-76.50121,44.229378],[-76.501341,44.229374],[-76.50135,44.229511],[-76.501218,44.229515]]]}},{"type":"Feature","id":506,"properties":{"name":null,"levels":3,"height":12.6},"geometry":{"type":"Polygon","coordinates":[[[-76.501683,44.229035],[-76.501681,44.228996],[-76.501657,44.228997],[-76.501655,44.228956],[-76.501839,44.22895],[-76.501845,44.229029],[-76.501683,44.229035]]]}},{"type":"Feature","id":507,"properties":{"name":null,"levels":3,"height":12.6},"geometry":{"type":"Polygon","coordinates":[[[-76.501693,44.229191],[-76.501693,44.229182],[-76.50169,44.229183],[-76.501687,44.229138],[-76.501667,44.22914],[-76.501665,44.229114],[-76.501688,44.229112],[-76.501688,44.229107],[-76.5018,44.229103],[-76.501805,44.229188],[-76.501693,44.229191]]]}},{"type":"Feature","id":508,"properties":{"name":null,"levels":3,"height":12.6},"geometry":{"type":"Polygon","coordinates":[[[-76.501711,44.229382],[-76.501711,44.229376],[-76.501687,44.229376],[-76.501683,44.229316],[-76.501707,44.229315],[-76.501706,44.229307],[-76.501822,44.229303],[-76.501822,44.229334],[-76.501879,44.229331],[-76.501881,44.229376],[-76.501711,44.229382]]]}},{"type":"Feature","id":509,"properties":{"name":null,"levels":3,"height":12.6},"geometry":{"type":"Polygon","coordinates":[[[-76.501721,44.229483],[-76.501721,44.229477],[-76.501696,44.229478],[-76.501692,44.229416],[-76.501714,44.229414],[-76.501714,44.229408],[-76.50186,44.229403],[-76.501861,44.22941],[-76.501892,44.229408],[-76.501896,44.229477],[-76.501721,44.229483]]]}},{"type":"Feature","id":510,"properties":{"name":null,"levels":3,"height":12.6},"geometry":{"type":"Polygon","coordinates":[[[-76.502198,44.227663],[-76.502194,44.227592],[-76.502329,44.227589],[-76.502332,44.22766],[-76.502198,44.227663]]]}},{"type":"Feature","id":511,"properties":{"name":null,"levels":3,"height":12.6},"geometry":{"type":"Polygon","coordinates":[[[-76.502216,44.227587],[-76.502216,44.227573],[-76.502178,44.227574],[-76.502176,44.227527],[-76.50221,44.227526],[-76.502209,44.227512],[-76.502331,44.22751],[-76.502332,44.22753],[-76.502357,44.227529],[-76.502361,44.227584],[-76.502216,44.227587]]]}},{"type":"Feature","id":512,"properties":{"name":null,"levels":3,"height":12.6},"geometry":{"type":"Polygon","coordinates":[[[-76.502208,44.227758],[-76.502204,44.227689],[-76.502333,44.227685],[-76.502337,44.227754],[-76.502208,44.227758]]]}},{"type":"Feature","id":513,"properties":{"name":null,"levels":3,"height":12.6},"geometry":{"type":"Polygon","coordinates":[[[-76.502214,44.227862],[-76.50221,44.227792],[-76.502344,44.227788],[-76.502348,44.227856],[-76.502214,44.227862]]]}},{"type":"Feature","id":514,"properties":{"name":null,"levels":3,"height":12.6},"geometry":{"type":"Polygon","coordinates":[[[-76.502211,44.227971],[-76.502206,44.227888],[-76.502338,44.227883],[-76.50234,44.227912],[-76.502348,44.227912],[-76.502351,44.227967],[-76.502211,44.227971]]]}},{"type":"Feature","id":515,"properties":{"name":null,"levels":3,"height":12.6},"geometry":{"type":"Polygon","coordinates":[[[-76.50214,44.228091],[-76.502138,44.22804],[-76.50218,44.228039],[-76.502178,44.228001],[-76.50236,44.227995],[-76.502363,44.228031],[-76.502389,44.22803],[-76.502391,44.228083],[-76.50214,44.228091]]]}},{"type":"Feature","id":516,"properties":{"name":null,"levels":3,"height":12.6},"geometry":{"type":"Polygon","coordinates":[[[-76.502202,44.228206],[-76.5022,44.228182],[-76.502166,44.228182],[-76.502164,44.228143],[-76.502198,44.228141],[-76.502196,44.228126],[-76.502352,44.22812],[-76.502366,44.22812],[-76.502368,44.228152],[-76.502396,44.228151],[-76.502399,44.2282],[-76.502202,44.228206]]]}},{"type":"Feature","id":517,"properties":{"name":null,"levels":3,"height":12.6},"geometry":{"type":"Polygon","coordinates":[[[-76.502275,44.228338],[-76.50227,44.228246],[-76.502353,44.228243],[-76.502376,44.228243],[-76.50238,44.228334],[-76.502275,44.228338]]]}},{"type":"Feature","id":518,"properties":{"name":null,"levels":3,"height":12.6},"geometry":{"type":"Polygon","coordinates":[[[-76.502227,44.228443],[-76.502222,44.228374],[-76.502277,44.228373],[-76.502277,44.22837],[-76.502331,44.228368],[-76.502377,44.228368],[-76.50238,44.228369],[-76.502394,44.228368],[-76.502396,44.228397],[-76.50238,44.228397],[-76.502382,44.228438],[-76.502227,44.228443]]]}},{"type":"Feature","id":519,"properties":{"name":null,"levels":3,"height":12.6},"geometry":{"type":"Polygon","coordinates":[[[-76.502704,44.227558],[-76.502702,44.227533],[-76.502682,44.227534],[-76.502681,44.227509],[-76.502702,44.227509],[-76.502702,44.227484],[-76.502871,44.227479],[-76.502874,44.227514],[-76.502864,44.227514],[-76.502866,44.227527],[-76.502833,44.227528],[-76.502835,44.227555],[-76.502704,44.227558]]]}},{"type":"Feature","id":520,"properties":{"name":null,"levels":3,"height":12.6},"geometry":{"type":"Polygon","coordinates":[[[-76.50271,44.227663],[-76.502708,44.227641],[-76.50269,44.227642],[-76.502687,44.227609],[-76.502707,44.227608],[-76.502706,44.227586],[-76.502897,44.22758],[-76.502902,44.227657],[-76.50271,44.227663]]]}},{"type":"Feature","id":521,"properties":{"name":null,"levels":3,"height":12.6},"geometry":{"type":"Polygon","coordinates":[[[-76.502716,44.227761],[-76.502716,44.227751],[-76.502694,44.227752],[-76.502691,44.227714],[-76.502711,44.227713],[-76.502709,44.227686],[-76.502815,44.227683],[-76.502836,44.227683],[-76.502836,44.227685],[-76.502882,44.227683],[-76.502886,44.227732],[-76.502836,44.227733],[-76.502836,44.227758],[-76.502716,44.227761]]]}},{"type":"Feature","id":522,"properties":{"name":null,"levels":3,"height":12.6},"geometry":{"type":"Polygon","coordinates":[[[-76.502746,44.227859],[-76.502742,44.227797],[-76.50272,44.227799],[-76.502718,44.227765],[-76.502768,44.227762],[-76.502802,44.227762],[-76.502803,44.227789],[-76.502897,44.227786],[-76.502902,44.227854],[-76.502746,44.227859]]]}},{"type":"Feature","id":523,"properties":{"name":null,"levels":3,"height":12.6},"geometry":{"type":"Polygon","coordinates":[[[-76.502745,44.227949],[-76.502741,44.227878],[-76.502893,44.227873],[-76.502927,44.227872],[-76.502928,44.227891],[-76.502956,44.22789],[-76.502958,44.227925],[-76.50293,44.227926],[-76.50293,44.227944],[-76.502745,44.227949]]]}},{"type":"Feature","id":524,"properties":{"name":null,"levels":3,"height":12.6},"geometry":{"type":"Polygon","coordinates":[[[-76.502754,44.228052],[-76.502749,44.22798],[-76.502873,44.227977],[-76.502891,44.227976],[-76.502892,44.227986],[-76.50294,44.227985],[-76.502942,44.228033],[-76.5029,44.228034],[-76.502901,44.228047],[-76.502754,44.228052]]]}},{"type":"Feature","id":525,"properties":{"name":null,"levels":3,"height":12.6},"geometry":{"type":"Polygon","coordinates":[[[-76.502714,44.228192],[-76.502709,44.228118],[-76.502817,44.228114],[-76.502853,44.228114],[-76.502855,44.228138],[-76.502905,44.228137],[-76.502907,44.228186],[-76.502714,44.228192]]]}},{"type":"Feature","id":526,"properties":{"name":null,"levels":3,"height":12.6},"geometry":{"type":"Polygon","coordinates":[[[-76.502716,44.228295],[-76.502712,44.228221],[-76.502862,44.228216],[-76.502862,44.228219],[-76.502896,44.228218],[-76.502898,44.22826],[-76.502864,44.22826],[-76.502866,44.22829],[-76.502716,44.228295]]]}},{"type":"Feature","id":527,"properties":{"name":null,"levels":3,"height":12.6},"geometry":{"type":"Polygon","coordinates":[[[-76.502724,44.228371],[-76.50272,44.228302],[-76.50282,44.228299],[-76.502866,44.228298],[-76.502867,44.228302],[-76.502912,44.2283],[-76.502916,44.228365],[-76.502724,44.228371]]]}},{"type":"Feature","id":528,"properties":{"name":null,"levels":3,"height":12.6},"geometry":{"type":"Polygon","coordinates":[[[-76.502751,44.228473],[-76.502746,44.228403],[-76.502922,44.228397],[-76.502926,44.228468],[-76.502751,44.228473]]]}},{"type":"Feature","id":529,"properties":{"name":null,"levels":3,"height":12.6},"geometry":{"type":"Polygon","coordinates":[[[-76.503086,44.228196],[-76.503081,44.22813],[-76.503174,44.228127],[-76.503178,44.228127],[-76.503181,44.228193],[-76.503086,44.228196]]]}},{"type":"Feature","id":530,"properties":{"name":null,"levels":3,"height":12.6},"geometry":{"type":"Polygon","coordinates":[[[-76.502008,44.228893],[-76.501996,44.228694],[-76.502083,44.228691],[-76.502094,44.228891],[-76.502008,44.228893]]]}},{"type":"Feature","id":531,"properties":{"name":null,"levels":3,"height":12.6},"geometry":{"type":"Polygon","coordinates":[[[-76.502014,44.228997],[-76.50201,44.228923],[-76.502095,44.228921],[-76.502099,44.228994],[-76.502014,44.228997]]]}},{"type":"Feature","id":532,"properties":{"name":null,"levels":3,"height":12.6},"geometry":{"type":"Polygon","coordinates":[[[-76.502285,44.228554],[-76.502279,44.228472],[-76.502389,44.228467],[-76.502393,44.22855],[-76.502285,44.228554]]]}},{"type":"Feature","id":533,"properties":{"name":null,"levels":3,"height":12.6},"geometry":{"type":"Polygon","coordinates":[[[-76.502244,44.228665],[-76.502241,44.228633],[-76.502228,44.228634],[-76.502227,44.228603],[-76.502177,44.228604],[-76.502176,44.228587],[-76.502237,44.228587],[-76.502236,44.228581],[-76.502255,44.22858],[-76.502394,44.228575],[-76.502422,44.228575],[-76.502424,44.228613],[-76.502395,44.228613],[-76.502399,44.22866],[-76.502244,44.228665]]]}},{"type":"Feature","id":534,"properties":{"name":null,"levels":3,"height":12.6},"geometry":{"type":"Polygon","coordinates":[[[-76.502233,44.228762],[-76.502229,44.228678],[-76.502363,44.228674],[-76.502404,44.228673],[-76.502409,44.228757],[-76.502233,44.228762]]]}},{"type":"Feature","id":535,"properties":{"name":null,"levels":3,"height":12.6},"geometry":{"type":"Polygon","coordinates":[[[-76.502239,44.228878],[-76.502234,44.228795],[-76.502406,44.22879],[-76.502411,44.22879],[-76.502415,44.228872],[-76.502239,44.228878]]]}},{"type":"Feature","id":536,"properties":{"name":null,"levels":3,"height":12.6},"geometry":{"type":"Polygon","coordinates":[[[-76.502246,44.228975],[-76.502242,44.228892],[-76.502416,44.228886],[-76.50242,44.22897],[-76.502246,44.228975]]]}},{"type":"Feature","id":537,"properties":{"name":null,"levels":3,"height":12.6},"geometry":{"type":"Polygon","coordinates":[[[-76.502255,44.229098],[-76.50225,44.229012],[-76.502424,44.229007],[-76.50243,44.229092],[-76.502255,44.229098]]]}},{"type":"Feature","id":538,"properties":{"name":null,"levels":3,"height":12.6},"geometry":{"type":"Polygon","coordinates":[[[-76.502331,44.229199],[-76.502329,44.229165],[-76.502296,44.229166],[-76.502294,44.229135],[-76.502323,44.229134],[-76.502323,44.229131],[-76.502442,44.229128],[-76.502442,44.229138],[-76.502463,44.229136],[-76.502465,44.229158],[-76.502465,44.22916],[-76.502443,44.229161],[-76.502445,44.229196],[-76.502331,44.229199]]]}},{"type":"Feature","id":539,"properties":{"name":null,"levels":3,"height":12.6},"geometry":{"type":"Polygon","coordinates":[[[-76.502265,44.229311],[-76.50226,44.229234],[-76.502469,44.229227],[-76.502472,44.229274],[-76.502451,44.229274],[-76.502453,44.229306],[-76.502265,44.229311]]]}},{"type":"Feature","id":540,"properties":{"name":null,"levels":3,"height":12.6},"geometry":{"type":"Polygon","coordinates":[[[-76.502778,44.228575],[-76.502776,44.228489],[-76.50295,44.228487],[-76.502952,44.228573],[-76.502778,44.228575]]]}},{"type":"Feature","id":541,"properties":{"name":null,"levels":3,"height":12.6},"geometry":{"type":"Polygon","coordinates":[[[-76.502788,44.228691],[-76.502786,44.228608],[-76.502956,44.228606],[-76.502958,44.228689],[-76.502788,44.228691]]]}},{"type":"Feature","id":542,"properties":{"name":null,"levels":3,"height":12.6},"geometry":{"type":"Polygon","coordinates":[[[-76.502789,44.228797],[-76.502787,44.228712],[-76.502962,44.228709],[-76.502964,44.228795],[-76.502789,44.228797]]]}},{"type":"Feature","id":543,"properties":{"name":null,"levels":3,"height":12.6},"geometry":{"type":"Polygon","coordinates":[[[-76.502772,44.229],[-76.502767,44.228924],[-76.502909,44.22892],[-76.50291,44.228928],[-76.502958,44.228926],[-76.50296,44.228984],[-76.502912,44.228986],[-76.502912,44.228996],[-76.502772,44.229]]]}},{"type":"Feature","id":544,"properties":{"name":null,"levels":3,"height":12.6},"geometry":{"type":"Polygon","coordinates":[[[-76.502753,44.228894],[-76.502751,44.228829],[-76.502899,44.228827],[-76.502899,44.228851],[-76.502921,44.228851],[-76.50292,44.228834],[-76.502998,44.228833],[-76.502999,44.228887],[-76.502975,44.228887],[-76.502976,44.228891],[-76.502753,44.228894]]]}},{"type":"Feature","id":545,"properties":{"name":null,"levels":3,"height":12.6},"geometry":{"type":"Polygon","coordinates":[[[-76.502777,44.229111],[-76.502772,44.229011],[-76.502861,44.229008],[-76.50289,44.229007],[-76.50289,44.229025],[-76.50294,44.229024],[-76.502943,44.229077],[-76.502875,44.22908],[-76.502877,44.229107],[-76.502777,44.229111]]]}},{"type":"Feature","id":546,"properties":{"name":null,"levels":3,"height":12.6},"geometry":{"type":"Polygon","coordinates":[[[-76.502785,44.229273],[-76.502785,44.229264],[-76.502771,44.229266],[-76.502768,44.229212],[-76.502785,44.229211],[-76.502784,44.2292],[-76.502896,44.229196],[-76.502895,44.229184],[-76.502998,44.229181],[-76.503001,44.229237],[-76.502918,44.229239],[-76.50292,44.22927],[-76.502785,44.229273]]]}},{"type":"Feature","id":547,"properties":{"name":null,"levels":3,"height":12.6},"geometry":{"type":"Polygon","coordinates":[[[-76.502792,44.229362],[-76.502788,44.229295],[-76.502926,44.229291],[-76.502961,44.22929],[-76.502963,44.229331],[-76.502923,44.229333],[-76.502924,44.229358],[-76.502792,44.229362]]]}},{"type":"Feature","id":548,"properties":{"name":null,"levels":3,"height":12.6},"geometry":{"type":"Polygon","coordinates":[[[-76.503397,44.22224],[-76.503393,44.222165],[-76.503445,44.222163],[-76.503443,44.222119],[-76.503442,44.222115],[-76.50343,44.222115],[-76.503429,44.222104],[-76.503422,44.221996],[-76.503456,44.221994],[-76.503454,44.22198],[-76.503473,44.221979],[-76.503494,44.221979],[-76.503495,44.221986],[-76.503537,44.221985],[-76.503539,44.222025],[-76.503566,44.222024],[-76.503569,44.222071],[-76.503559,44.222072],[-76.503565,44.222154],[-76.503481,44.222157],[-76.503483,44.222174],[-76.503447,44.222176],[-76.503451,44.222239],[-76.503397,44.22224]]]}},{"type":"Feature","id":549,"properties":{"name":null,"levels":3,"height":12.6},"geometry":{"type":"Polygon","coordinates":[[[-76.50389,44.222174],[-76.503883,44.222125],[-76.50369,44.222142],[-76.503674,44.222044],[-76.504152,44.222003],[-76.504161,44.222002],[-76.504159,44.221993],[-76.504168,44.221992],[-76.504196,44.22199],[-76.504196,44.221997],[-76.504366,44.221983],[-76.504364,44.221975],[-76.504443,44.221968],[-76.504447,44.221968],[-76.504448,44.22197],[-76.504465,44.222075],[-76.503942,44.22212],[-76.503951,44.222169],[-76.50393,44.222171],[-76.50389,44.222174]]]}},{"type":"Feature","id":550,"properties":{"name":null,"levels":3,"height":12.6},"geometry":{"type":"Polygon","coordinates":[[[-76.50363,44.223306],[-76.503623,44.223254],[-76.503851,44.22324],[-76.503856,44.223293],[-76.50363,44.223306]]]}},{"type":"Feature","id":551,"properties":{"name":null,"levels":3,"height":12.6},"geometry":{"type":"Polygon","coordinates":[[[-76.50339,44.223837],[-76.503388,44.223809],[-76.503375,44.223809],[-76.503374,44.223781],[-76.503389,44.223781],[-76.503387,44.223743],[-76.503493,44.22374],[-76.503498,44.22374],[-76.503501,44.223805],[-76.503487,44.223805],[-76.503488,44.223834],[-76.50339,44.223837]]]}},{"type":"Feature","id":552,"properties":{"name":null,"levels":3,"height":12.6},"geometry":{"type":"Polygon","coordinates":[[[-76.503609,44.223761],[-76.503598,44.223628],[-76.50369,44.223623],[-76.503704,44.223623],[-76.503714,44.223731],[-76.503647,44.223735],[-76.503649,44.223759],[-76.503609,44.223761]]]}},{"type":"Feature","id":553,"properties":{"name":null,"levels":3,"height":12.6},"geometry":{"type":"Polygon","coordinates":[[[-76.503814,44.223746],[-76.503799,44.2236],[-76.50394,44.223593],[-76.503947,44.223655],[-76.503913,44.223657],[-76.503921,44.223741],[-76.503814,44.223746]]]}},{"type":"Feature","id":554,"properties":{"name":null,"levels":3,"height":12.6},"geometry":{"type":"Polygon","coordinates":[[[-76.503735,44.224205],[-76.503729,44.224074],[-76.503867,44.224072],[-76.503872,44.224202],[-76.503735,44.224205]]]}},{"type":"Feature","id":555,"properties":{"name":null,"levels":3,"height":12.6},"geometry":{"type":"Polygon","coordinates":[[[-76.503752,44.224355],[-76.503751,44.224338],[-76.50373,44.224339],[-76.503726,44.224304],[-76.503758,44.224303],[-76.503756,44.224283],[-76.503745,44.224283],[-76.503743,44.224267],[-76.503966,44.224258],[-76.503973,44.224257],[-76.50398,44.224341],[-76.503925,44.224343],[-76.50392,44.224344],[-76.50392,44.224347],[-76.503752,44.224355]]]}},{"type":"Feature","id":556,"properties":{"name":null,"levels":3,"height":12.6},"geometry":{"type":"Polygon","coordinates":[[[-76.503803,44.224499],[-76.503799,44.224466],[-76.503767,44.224467],[-76.503763,44.224428],[-76.503795,44.224425],[-76.503791,44.224392],[-76.503805,44.224391],[-76.503804,44.224388],[-76.503847,44.224385],[-76.503848,44.224389],[-76.503911,44.224385],[-76.503923,44.224492],[-76.503803,44.224499]]]}},{"type":"Feature","id":557,"properties":{"name":null,"levels":3,"height":12.6},"geometry":{"type":"Polygon","coordinates":[[[-76.504006,44.223737],[-76.503997,44.223633],[-76.504059,44.223631],[-76.504055,44.223607],[-76.504092,44.223605],[-76.504107,44.223605],[-76.504119,44.223732],[-76.504006,44.223737]]]}},{"type":"Feature","id":558,"properties":{"name":null,"levels":3,"height":12.6},"geometry":{"type":"Polygon","coordinates":[[[-76.50327,44.22493],[-76.503267,44.224879],[-76.503294,44.224879],[-76.503292,44.224852],[-76.503285,44.224852],[-76.503281,44.224821],[-76.503289,44.22482],[-76.503285,44.224782],[-76.503397,44.224777],[-76.503404,44.224879],[-76.503358,44.22488],[-76.503362,44.224925],[-76.50327,44.22493]]]}},{"type":"Feature","id":559,"properties":{"name":null,"levels":3,"height":12.6},"geometry":{"type":"Polygon","coordinates":[[[-76.503293,44.22505],[-76.503293,44.225044],[-76.503247,44.225048],[-76.50324,44.224978],[-76.503279,44.224977],[-76.503287,44.224976],[-76.503287,44.224973],[-76.503439,44.224965],[-76.503447,44.225041],[-76.503311,44.225049],[-76.503293,44.22505]]]}},{"type":"Feature","id":560,"properties":{"name":null,"levels":3,"height":12.6},"geometry":{"type":"Polygon","coordinates":[[[-76.503823,44.22464],[-76.503816,44.224596],[-76.503795,44.224597],[-76.503791,44.224564],[-76.503814,44.224563],[-76.503808,44.224527],[-76.503928,44.224518],[-76.503936,44.224578],[-76.503955,44.224576],[-76.503963,44.224629],[-76.503823,44.22464]]]}},{"type":"Feature","id":561,"properties":{"name":null,"levels":3,"height":12.6},"geometry":{"type":"Polygon","coordinates":[[[-76.503844,44.224775],[-76.503835,44.224673],[-76.503962,44.224668],[-76.503966,44.224718],[-76.504004,44.224716],[-76.504009,44.224768],[-76.503844,44.224775]]]}},{"type":"Feature","id":562,"properties":{"name":null,"levels":3,"height":12.6},"geometry":{"type":"Polygon","coordinates":[[[-76.503873,44.224913],[-76.503872,44.224908],[-76.503829,44.22491],[-76.503824,44.224857],[-76.503856,44.224856],[-76.503854,44.224824],[-76.50395,44.224819],[-76.50395,44.22481],[-76.504013,44.224806],[-76.504014,44.224818],[-76.504078,44.224815],[-76.504086,44.224894],[-76.504033,44.224898],[-76.504035,44.224906],[-76.503873,44.224913]]]}},{"type":"Feature","id":563,"properties":{"name":null,"levels":3,"height":12.6},"geometry":{"type":"Polygon","coordinates":[[[-76.50323,44.22526],[-76.503225,44.225216],[-76.503251,44.225215],[-76.503248,44.225175],[-76.503214,44.225177],[-76.503209,44.225118],[-76.503393,44.225109],[-76.503396,44.225139],[-76.503435,44.225137],[-76.503438,44.225182],[-76.503403,44.225183],[-76.503407,44.225217],[-76.503333,44.225224],[-76.503336,44.225254],[-76.50323,44.22526]]]}},{"type":"Feature","id":564,"properties":{"name":null,"levels":3,"height":12.6},"geometry":{"type":"Polygon","coordinates":[[[-76.503254,44.225421],[-76.503247,44.225324],[-76.503224,44.225325],[-76.50322,44.225278],[-76.503407,44.22527],[-76.503414,44.22527],[-76.50342,44.225343],[-76.503401,44.225344],[-76.503403,44.225369],[-76.503422,44.225368],[-76.503425,44.225414],[-76.503254,44.225421]]]}},{"type":"Feature","id":565,"properties":{"name":null,"levels":3,"height":12.6},"geometry":{"type":"Polygon","coordinates":[[[-76.503902,44.225101],[-76.503898,44.225047],[-76.503881,44.225048],[-76.503877,44.225008],[-76.503892,44.225007],[-76.50389,44.22498],[-76.504003,44.224975],[-76.504003,44.22497],[-76.504058,44.224968],[-76.504065,44.225067],[-76.504003,44.225069],[-76.504006,44.225096],[-76.503902,44.225101]]]}},{"type":"Feature","id":566,"properties":{"name":null,"levels":3,"height":12.6},"geometry":{"type":"Polygon","coordinates":[[[-76.503883,44.225243],[-76.503872,44.225123],[-76.50394,44.225119],[-76.503942,44.225145],[-76.503991,44.225142],[-76.503998,44.225238],[-76.503883,44.225243]]]}},{"type":"Feature","id":567,"properties":{"name":null,"levels":3,"height":12.6},"geometry":{"type":"Polygon","coordinates":[[[-76.503897,44.22546],[-76.503894,44.225424],[-76.503863,44.225425],[-76.503859,44.225383],[-76.503887,44.225381],[-76.503883,44.225342],[-76.504012,44.225336],[-76.504015,44.225371],[-76.504053,44.225368],[-76.504056,44.225417],[-76.504023,44.225418],[-76.504026,44.225454],[-76.503897,44.22546]]]}},{"type":"Feature","id":568,"properties":{"name":null,"levels":3,"height":12.6},"geometry":{"type":"Polygon","coordinates":[[[-76.503998,44.225235],[-76.503991,44.225142],[-76.503942,44.225145],[-76.50394,44.225119],[-76.504045,44.225115],[-76.5040547,44.2252169],[-76.504031,44.2252175],[-76.50403,44.225225],[-76.504019,44.225234],[-76.503998,44.225235]]]}},{"type":"Feature","id":569,"properties":{"name":null,"levels":3,"height":12.6},"geometry":{"type":"Polygon","coordinates":[[[-76.503945,44.225563],[-76.50394,44.225527],[-76.503925,44.225528],[-76.503923,44.225501],[-76.50394,44.225499],[-76.503936,44.225465],[-76.504138,44.225458],[-76.504142,44.22551],[-76.504095,44.225512],[-76.504099,44.225558],[-76.503945,44.225563]]]}},{"type":"Feature","id":570,"properties":{"name":null,"levels":3,"height":12.6},"geometry":{"type":"Polygon","coordinates":[[[-76.503401,44.225624],[-76.503399,44.225593],[-76.503295,44.225598],[-76.503291,44.225534],[-76.503311,44.225534],[-76.503309,44.22551],[-76.503289,44.225511],[-76.503287,44.225495],[-76.503392,44.22549],[-76.50339,44.225466],[-76.503483,44.225462],[-76.503494,44.225594],[-76.5035,44.225594],[-76.503502,44.22562],[-76.503401,44.225624]]]}},{"type":"Feature","id":571,"properties":{"name":null,"levels":3,"height":12.6},"geometry":{"type":"Polygon","coordinates":[[[-76.503265,44.225762],[-76.503265,44.225759],[-76.503209,44.225762],[-76.503205,44.22572],[-76.503259,44.225717],[-76.503257,44.225684],[-76.503262,44.225683],[-76.503259,44.225657],[-76.503475,44.225647],[-76.503482,44.225712],[-76.503452,44.225714],[-76.503455,44.225753],[-76.503265,44.225762]]]}},{"type":"Feature","id":572,"properties":{"name":null,"levels":3,"height":12.6},"geometry":{"type":"Polygon","coordinates":[[[-76.503252,44.225895],[-76.503244,44.225799],[-76.503252,44.225799],[-76.503249,44.225769],[-76.503317,44.225765],[-76.503329,44.225765],[-76.503331,44.225795],[-76.503355,44.225793],[-76.503355,44.225797],[-76.503396,44.225796],[-76.503396,44.225786],[-76.503425,44.225784],[-76.503429,44.225794],[-76.503474,44.225792],[-76.503473,44.22579],[-76.503493,44.22579],[-76.5035,44.225875],[-76.503444,44.225878],[-76.503445,44.225883],[-76.503349,44.225888],[-76.503349,44.225891],[-76.503252,44.225895]]]}},{"type":"Feature","id":573,"properties":{"name":null,"levels":3,"height":12.6},"geometry":{"type":"Polygon","coordinates":[[[-76.503236,44.226211],[-76.50322,44.226043],[-76.503413,44.226033],[-76.503418,44.226087],[-76.503467,44.226085],[-76.503471,44.226121],[-76.503507,44.22612],[-76.503512,44.22616],[-76.503481,44.226161],[-76.503485,44.226198],[-76.503295,44.226208],[-76.503236,44.226211]]]}},{"type":"Feature","id":574,"properties":{"name":null,"levels":3,"height":12.6},"geometry":{"type":"Polygon","coordinates":[[[-76.503958,44.22573],[-76.503958,44.225723],[-76.503952,44.225723],[-76.503949,44.225705],[-76.503947,44.225684],[-76.503954,44.225684],[-76.503953,44.225667],[-76.503946,44.225667],[-76.503943,44.225628],[-76.503949,44.225628],[-76.503949,44.225622],[-76.503988,44.225619],[-76.503986,44.225596],[-76.504056,44.225592],[-76.504058,44.225617],[-76.50406,44.225616],[-76.504066,44.225672],[-76.504126,44.225669],[-76.50413,44.225714],[-76.504102,44.225716],[-76.504103,44.225722],[-76.503958,44.22573]]]}},{"type":"Feature","id":575,"properties":{"name":null,"levels":3,"height":12.6},"geometry":{"type":"Polygon","coordinates":[[[-76.503979,44.225862],[-76.503977,44.225833],[-76.503963,44.225822],[-76.503961,44.225786],[-76.503967,44.225786],[-76.503965,44.225747],[-76.50416,44.22574],[-76.504158,44.225724],[-76.50424,44.225721],[-76.504243,44.225766],[-76.504168,44.225769],[-76.50417,44.225799],[-76.504118,44.225801],[-76.50412,44.225834],[-76.504022,44.225838],[-76.504024,44.225859],[-76.503979,44.225862]]]}},{"type":"Feature","id":576,"properties":{"name":null,"levels":3,"height":12.6},"geometry":{"type":"Polygon","coordinates":[[[-76.504071,44.226088],[-76.504068,44.226064],[-76.5040197,44.2260663],[-76.504004,44.226067],[-76.504003,44.226061],[-76.503964,44.226063],[-76.503962,44.226033],[-76.503946,44.226034],[-76.503944,44.226022],[-76.503944,44.226007],[-76.50396,44.226007],[-76.503955,44.225941],[-76.503965,44.225941],[-76.503965,44.225935],[-76.504065,44.225931],[-76.504068,44.225955],[-76.50415,44.225951],[-76.504151,44.22596],[-76.504197,44.225959],[-76.5042,44.226001],[-76.504179,44.226002],[-76.504179,44.226005],[-76.504153,44.226006],[-76.504155,44.226021],[-76.504172,44.22602],[-76.504174,44.22604],[-76.504219,44.226039],[-76.504221,44.226076],[-76.5042037,44.2260767],[-76.504146,44.226079],[-76.504144,44.226063],[-76.504107,44.226064],[-76.504109,44.226086],[-76.5040896,44.226087],[-76.504071,44.226088]]]}},{"type":"Feature","id":577,"properties":{"name":null,"levels":3,"height":12.6},"geometry":{"type":"Polygon","coordinates":[[[-76.486922,44.227879],[-76.486903,44.227877],[-76.486764,44.227812],[-76.486782,44.227793],[-76.486731,44.227769],[-76.486718,44.227784],[-76.48671,44.22778],[-76.4867,44.227791],[-76.48665,44.227766],[-76.486621,44.2278],[-76.486564,44.227773],[-76.4866,44.227732],[-76.486586,44.227725],[-76.486601,44.227707],[-76.48652,44.227669],[-76.486579,44.227605],[-76.486707,44.227669],[-76.486718,44.227657],[-76.486751,44.227673],[-76.486742,44.227684],[-76.486785,44.227704],[-76.486763,44.227728],[-76.486777,44.227735],[-76.486805,44.227704],[-76.486846,44.227724],[-76.486867,44.227702],[-76.487012,44.227769],[-76.486948,44.22784],[-76.486954,44.227849],[-76.486951,44.227863],[-76.486939,44.227874],[-76.486922,44.227879]]]}},{"type":"Feature","id":578,"properties":{"name":null,"levels":3,"height":12.6},"geometry":{"type":"Polygon","coordinates":[[[-76.499521,44.229974],[-76.499514,44.229854],[-76.499622,44.229851],[-76.499628,44.229971],[-76.499521,44.229974]]]}},{"type":"Feature","id":579,"properties":{"name":null,"levels":3,"height":12.6},"geometry":{"type":"Polygon","coordinates":[[[-76.494244,44.230062],[-76.494112,44.230055],[-76.494114,44.230053],[-76.494063,44.230051],[-76.494069,44.229989],[-76.494117,44.229991],[-76.494117,44.229987],[-76.494119,44.229987],[-76.494251,44.229994],[-76.494251,44.229997],[-76.494277,44.229998],[-76.494273,44.230032],[-76.494247,44.23003],[-76.494244,44.230062]]]}},{"type":"Feature","id":580,"properties":{"name":null,"levels":3,"height":12.6},"geometry":{"type":"Polygon","coordinates":[[[-76.4919154,44.2298366],[-76.4917184,44.2298246],[-76.4917334,44.2296986],[-76.4919304,44.2297106],[-76.4919154,44.2298366]]]}},{"type":"Feature","id":581,"properties":{"name":null,"levels":3,"height":12.6},"geometry":{"type":"Polygon","coordinates":[[[-76.498888,44.229679],[-76.49888,44.229584],[-76.498913,44.229583],[-76.49891,44.229548],[-76.499007,44.229543],[-76.49901,44.229577],[-76.49904,44.229576],[-76.499049,44.229672],[-76.498888,44.229679]]]}},{"type":"Feature","id":582,"properties":{"name":null,"levels":3,"height":12.6},"geometry":{"type":"Polygon","coordinates":[[[-76.490081,44.229841],[-76.489878,44.229813],[-76.489925,44.229636],[-76.490064,44.229656],[-76.49006,44.229676],[-76.490121,44.229685],[-76.49011,44.22973],[-76.490046,44.229722],[-76.490042,44.229734],[-76.490106,44.229744],[-76.490095,44.229787],[-76.49003,44.229778],[-76.490026,44.229791],[-76.490093,44.2298],[-76.490081,44.229841]]]}},{"type":"Feature","id":583,"properties":{"name":null,"levels":3,"height":12.6},"geometry":{"type":"Polygon","coordinates":[[[-76.500303,44.229559],[-76.500301,44.229535],[-76.500131,44.229545],[-76.500128,44.229506],[-76.500141,44.229505],[-76.500138,44.229481],[-76.500213,44.229477],[-76.500212,44.229463],[-76.500302,44.229457],[-76.500303,44.229473],[-76.500397,44.229468],[-76.500407,44.229553],[-76.500303,44.229559]]]}},{"type":"Feature","id":584,"properties":{"name":null,"levels":3,"height":12.6},"geometry":{"type":"Polygon","coordinates":[[[-76.492867,44.229622],[-76.492766,44.229615],[-76.492777,44.229525],[-76.492745,44.229512],[-76.492697,44.229509],[-76.492699,44.229469],[-76.492755,44.229471],[-76.492754,44.229487],[-76.49282,44.229491],[-76.492819,44.229497],[-76.492881,44.229501],[-76.492867,44.229622]]]}},{"type":"Feature","id":585,"properties":{"name":null,"levels":3,"height":12.6},"geometry":{"type":"Polygon","coordinates":[[[-76.495371,44.230025],[-76.495372,44.230013],[-76.495321,44.230013],[-76.49532,44.229917],[-76.495365,44.229916],[-76.495364,44.229904],[-76.495477,44.229903],[-76.495477,44.229908],[-76.495487,44.229908],[-76.495488,44.229939],[-76.495473,44.229939],[-76.495474,44.229979],[-76.495489,44.229979],[-76.49549,44.230013],[-76.495464,44.230013],[-76.495464,44.230025],[-76.495371,44.230025]]]}},{"type":"Feature","id":586,"properties":{"name":null,"levels":3,"height":12.6},"geometry":{"type":"Polygon","coordinates":[[[-76.500187,44.229934],[-76.500185,44.22991],[-76.50016,44.229911],[-76.500156,44.229854],[-76.500179,44.229852],[-76.500177,44.22983],[-76.50035,44.229822],[-76.500359,44.229927],[-76.500187,44.229934]]]}},{"type":"Feature","id":587,"properties":{"name":null,"levels":3,"height":12.6},"geometry":{"type":"Polygon","coordinates":[[[-76.489339,44.229731],[-76.489132,44.229701],[-76.489158,44.229615],[-76.489167,44.229617],[-76.489175,44.22959],[-76.489344,44.229615],[-76.489336,44.229641],[-76.489363,44.229646],[-76.489339,44.229731]]]}},{"type":"Feature","id":588,"properties":{"name":null,"levels":3,"height":12.6},"geometry":{"type":"Polygon","coordinates":[[[-76.496655,44.22976],[-76.496654,44.229752],[-76.496595,44.229754],[-76.49659,44.229672],[-76.496654,44.22967],[-76.496653,44.229653],[-76.496668,44.229652],[-76.496665,44.229608],[-76.496549,44.229612],[-76.496547,44.229588],[-76.496458,44.229591],[-76.496452,44.229499],[-76.496676,44.229492],[-76.496676,44.229506],[-76.496773,44.229503],[-76.496789,44.229756],[-76.496655,44.22976]]]}},{"type":"Feature","id":589,"properties":{"name":null,"levels":3,"height":12.6},"geometry":{"type":"Polygon","coordinates":[[[-76.499463,44.22963],[-76.499463,44.229615],[-76.499424,44.229616],[-76.4994287,44.2295252],[-76.499523,44.229526],[-76.499532,44.229526],[-76.499538,44.229627],[-76.499463,44.22963]]]}},{"type":"Feature","id":590,"properties":{"name":null,"levels":3,"height":12.6},"geometry":{"type":"Polygon","coordinates":[[[-76.492044,44.229574],[-76.4919057,44.229566],[-76.4918571,44.2295631],[-76.4918188,44.2295609],[-76.491734,44.229556],[-76.491744,44.22947],[-76.491746,44.22947],[-76.491747,44.229466],[-76.491751,44.229423],[-76.491761,44.229423],[-76.491768,44.229358],[-76.491818,44.22936],[-76.491806,44.229474],[-76.4918309,44.2294746],[-76.491845,44.229475],[-76.491849,44.229443],[-76.491941,44.229448],[-76.491937,44.229482],[-76.491953,44.229483],[-76.491963,44.229387],[-76.492013,44.22939],[-76.492007,44.229452],[-76.492047,44.229454],[-76.492043,44.229484],[-76.492054,44.229484],[-76.492044,44.229574]]]}},{"type":"Feature","id":591,"properties":{"name":null,"levels":3,"height":12.6},"geometry":{"type":"Polygon","coordinates":[[[-76.502935,44.229909],[-76.502935,44.229899],[-76.502827,44.229901],[-76.502822,44.229837],[-76.502952,44.229835],[-76.502952,44.229848],[-76.503072,44.229846],[-76.503075,44.229907],[-76.502935,44.229909]]]}},{"type":"Feature","id":592,"properties":{"name":null,"levels":3,"height":12.6},"geometry":{"type":"Polygon","coordinates":[[[-76.487649,44.229991],[-76.487535,44.229975],[-76.487558,44.229893],[-76.48762,44.229902],[-76.487622,44.229892],[-76.487683,44.229901],[-76.487671,44.229941],[-76.487662,44.229941],[-76.487649,44.229991]]]}},{"type":"Feature","id":593,"properties":{"name":null,"levels":3,"height":12.6},"geometry":{"type":"Polygon","coordinates":[[[-76.498641,44.229696],[-76.49863,44.229586],[-76.4987465,44.2295803],[-76.4987479,44.2295923],[-76.498775,44.229591],[-76.498776,44.229603],[-76.498778,44.22963],[-76.498751,44.229631],[-76.498756,44.22969],[-76.498641,44.229696]]]}},{"type":"Feature","id":594,"properties":{"name":null,"levels":3,"height":12.6},"geometry":{"type":"Polygon","coordinates":[[[-76.499571,44.229628],[-76.499563,44.229525],[-76.499671,44.229521],[-76.499673,44.229521],[-76.499681,44.229624],[-76.499571,44.229628]]]}},{"type":"Feature","id":595,"properties":{"name":null,"levels":3,"height":12.6},"geometry":{"type":"Polygon","coordinates":[[[-76.49272,44.229619],[-76.492603,44.229612],[-76.492609,44.229553],[-76.492643,44.229552],[-76.49265,44.229526],[-76.492695,44.229529],[-76.492694,44.229558],[-76.49273,44.22956],[-76.49272,44.229619]]]}},{"type":"Feature","id":596,"properties":{"name":null,"levels":3,"height":12.6},"geometry":{"type":"Polygon","coordinates":[[[-76.503507,44.22995],[-76.503503,44.229891],[-76.503491,44.229893],[-76.50349,44.229884],[-76.503444,44.229887],[-76.503441,44.229853],[-76.503526,44.229849],[-76.503528,44.229876],[-76.503603,44.229873],[-76.503603,44.229879],[-76.503625,44.229879],[-76.503628,44.229917],[-76.503605,44.229918],[-76.503608,44.229946],[-76.503507,44.22995]]]}},{"type":"Feature","id":597,"properties":{"name":null,"levels":3,"height":12.6},"geometry":{"type":"Polygon","coordinates":[[[-76.496359,44.229771],[-76.496359,44.229758],[-76.496314,44.229759],[-76.49631,44.229676],[-76.496342,44.229675],[-76.49634,44.229629],[-76.4963529,44.2296285],[-76.49637,44.229628],[-76.496451,44.229627],[-76.496452,44.229671],[-76.496484,44.22967],[-76.496488,44.229755],[-76.496441,44.229756],[-76.496442,44.22977],[-76.496359,44.229771]]]}},{"type":"Feature","id":598,"properties":{"name":null,"levels":3,"height":12.6},"geometry":{"type":"Polygon","coordinates":[[[-76.494972,44.22999],[-76.49488,44.229986],[-76.494882,44.229958],[-76.494862,44.229958],[-76.494869,44.229875],[-76.495119,44.229885],[-76.495111,44.22998],[-76.495022,44.229976],[-76.495023,44.229965],[-76.494974,44.229963],[-76.494972,44.22999]]]}},{"type":"Feature","id":599,"properties":{"name":null,"levels":3,"height":12.6},"geometry":{"type":"Polygon","coordinates":[[[-76.488449,44.229588],[-76.488217,44.22956],[-76.48823,44.229504],[-76.488302,44.229513],[-76.488309,44.229481],[-76.488422,44.229495],[-76.488413,44.229534],[-76.48846,44.22954],[-76.488449,44.229588]]]}},{"type":"Feature","id":600,"properties":{"name":null,"levels":3,"height":12.6},"geometry":{"type":"Polygon","coordinates":[[[-76.490697,44.229736],[-76.490695,44.2297],[-76.490739,44.2297],[-76.490737,44.229673],[-76.490681,44.229674],[-76.490691,44.229628],[-76.490715,44.229628],[-76.490713,44.229604],[-76.490779,44.229601],[-76.490781,44.229625],[-76.490852,44.229622],[-76.490856,44.229664],[-76.490862,44.229664],[-76.490864,44.229707],[-76.490838,44.229707],[-76.490839,44.229731],[-76.490697,44.229736]]]}},{"type":"Feature","id":601,"properties":{"name":null,"levels":3,"height":12.6},"geometry":{"type":"Polygon","coordinates":[[[-76.503551,44.230068],[-76.50355,44.230059],[-76.503504,44.230061],[-76.503496,44.229972],[-76.50361,44.229968],[-76.503612,44.229991],[-76.503622,44.229991],[-76.503624,44.230021],[-76.503614,44.230021],[-76.503616,44.230056],[-76.503589,44.230058],[-76.50359,44.230067],[-76.503551,44.230068]]]}},{"type":"Feature","id":602,"properties":{"name":null,"levels":3,"height":12.6},"geometry":{"type":"Polygon","coordinates":[[[-76.4934131,44.2296433],[-76.4930931,44.2296233],[-76.4931011,44.2295553],[-76.4931611,44.2295583],[-76.4931671,44.2295073],[-76.4934271,44.2295243],[-76.4934131,44.2296433]]]}},{"type":"Feature","id":603,"properties":{"name":null,"levels":3,"height":12.6},"geometry":{"type":"Polygon","coordinates":[[[-76.502821,44.229824],[-76.502818,44.229771],[-76.502833,44.229771],[-76.502831,44.229744],[-76.502937,44.22974],[-76.502942,44.22982],[-76.502821,44.229824]]]}},{"type":"Feature","id":604,"properties":{"name":null,"levels":3,"height":12.6},"geometry":{"type":"Polygon","coordinates":[[[-76.499222,44.229633],[-76.499217,44.229553],[-76.499235,44.229552],[-76.499227,44.229445],[-76.499332,44.229441],[-76.499339,44.229549],[-76.499359,44.229548],[-76.499363,44.229627],[-76.499222,44.229633]]]}},{"type":"Feature","id":605,"properties":{"name":null,"levels":3,"height":12.6},"geometry":{"type":"Polygon","coordinates":[[[-76.494255,44.229908],[-76.494125,44.229901],[-76.494134,44.229819],[-76.494213,44.229823],[-76.494215,44.229823],[-76.494215,44.229838],[-76.494266,44.229841],[-76.494265,44.229845],[-76.494289,44.229847],[-76.494283,44.229904],[-76.494255,44.229902],[-76.494255,44.229908]]]}},{"type":"Feature","id":606,"properties":{"name":null,"levels":3,"height":12.6},"geometry":{"type":"Polygon","coordinates":[[[-76.49247,44.229516],[-76.492369,44.229511],[-76.492377,44.229425],[-76.492478,44.22943],[-76.49247,44.229516]]]}},{"type":"Feature","id":607,"properties":{"name":null,"levels":3,"height":12.6},"geometry":{"type":"Polygon","coordinates":[[[-76.489957,44.230361],[-76.489764,44.230337],[-76.489843,44.229994],[-76.490029,44.230016],[-76.490021,44.230054],[-76.489968,44.230048],[-76.48996,44.230084],[-76.490001,44.230089],[-76.489986,44.230155],[-76.490072,44.230165],[-76.490061,44.230213],[-76.489924,44.230197],[-76.489919,44.230221],[-76.489977,44.230228],[-76.489967,44.230269],[-76.489926,44.230264],[-76.48991,44.230331],[-76.489962,44.230337],[-76.489957,44.230361]]]}},{"type":"Feature","id":608,"properties":{"name":null,"levels":3,"height":12.6},"geometry":{"type":"Polygon","coordinates":[[[-76.501729,44.229587],[-76.501728,44.22958],[-76.501706,44.229581],[-76.501702,44.229519],[-76.501723,44.229518],[-76.501723,44.229512],[-76.501838,44.229507],[-76.501842,44.229582],[-76.501729,44.229587]]]}},{"type":"Feature","id":609,"properties":{"name":null,"levels":3,"height":12.6},"geometry":{"type":"Polygon","coordinates":[[[-76.492649,44.229876],[-76.492594,44.22987],[-76.492606,44.22981],[-76.492589,44.229808],[-76.492603,44.229738],[-76.492618,44.229739],[-76.492676,44.229746],[-76.492649,44.229876]]]}},{"type":"Feature","id":610,"properties":{"name":null,"levels":3,"height":12.6},"geometry":{"type":"Polygon","coordinates":[[[-76.503299,44.22981],[-76.503299,44.229796],[-76.503258,44.229797],[-76.503254,44.229739],[-76.503299,44.229738],[-76.503297,44.229718],[-76.50333,44.229716],[-76.503347,44.229716],[-76.503349,44.22974],[-76.503399,44.229738],[-76.503403,44.229806],[-76.503299,44.22981]]]}},{"type":"Feature","id":611,"properties":{"name":null,"levels":3,"height":12.6},"geometry":{"type":"Polygon","coordinates":[[[-76.494723,44.230027],[-76.494676,44.230024],[-76.49468,44.22999],[-76.494668,44.229989],[-76.494678,44.229896],[-76.49484,44.229905],[-76.49483,44.229997],[-76.494796,44.229996],[-76.494793,44.23002],[-76.494765,44.230019],[-76.494768,44.229993],[-76.494727,44.22999],[-76.494723,44.230027]]]}},{"type":"Feature","id":612,"properties":{"name":null,"levels":3,"height":12.6},"geometry":{"type":"Polygon","coordinates":[[[-76.489558,44.229761],[-76.489446,44.229746],[-76.48947,44.229652],[-76.489582,44.229667],[-76.489558,44.229761]]]}},{"type":"Feature","id":613,"properties":{"name":null,"levels":3,"height":12.6},"geometry":{"type":"Polygon","coordinates":[[[-76.49035,44.229878],[-76.490247,44.229863],[-76.490253,44.229845],[-76.490247,44.229845],[-76.490274,44.229749],[-76.49039,44.229765],[-76.490364,44.22986],[-76.490355,44.229859],[-76.49035,44.229878]]]}},{"type":"Feature","id":614,"properties":{"name":null,"levels":3,"height":12.6},"geometry":{"type":"Polygon","coordinates":[[[-76.497243,44.230061],[-76.497239,44.230024],[-76.497223,44.230024],[-76.497219,44.229944],[-76.497281,44.229943],[-76.497299,44.229942],[-76.497307,44.230059],[-76.497243,44.230061]]]}},{"type":"Feature","id":615,"properties":{"name":null,"levels":3,"height":12.6},"geometry":{"type":"Polygon","coordinates":[[[-76.500823,44.229538],[-76.500822,44.22952],[-76.500813,44.22952],[-76.500799,44.22938],[-76.500877,44.229376],[-76.50088,44.229398],[-76.500917,44.229396],[-76.500929,44.229514],[-76.500862,44.229518],[-76.500863,44.229535],[-76.500823,44.229538]]]}},{"type":"Feature","id":616,"properties":{"name":null,"levels":3,"height":12.6},"geometry":{"type":"Polygon","coordinates":[[[-76.499752,44.229625],[-76.499751,44.22961],[-76.499714,44.229611],[-76.499708,44.229518],[-76.499712,44.229518],[-76.49971,44.229471],[-76.49982,44.229466],[-76.49983,44.229622],[-76.499752,44.229625]]]}},{"type":"Feature","id":617,"properties":{"name":null,"levels":3,"height":12.6},"geometry":{"type":"Polygon","coordinates":[[[-76.492184,44.229908],[-76.492128,44.229906],[-76.492136,44.229821],[-76.492082,44.229818],[-76.492079,44.229849],[-76.492036,44.229846],[-76.492047,44.229731],[-76.492136,44.229735],[-76.492137,44.229722],[-76.492222,44.229726],[-76.492227,44.22971],[-76.492315,44.229723],[-76.492317,44.229713],[-76.492372,44.229727],[-76.492486,44.229733],[-76.492438,44.229894],[-76.492396,44.229888],[-76.49241,44.229827],[-76.492351,44.229823],[-76.492336,44.229878],[-76.492288,44.229871],[-76.492303,44.22982],[-76.492256,44.229813],[-76.492239,44.229871],[-76.492201,44.229865],[-76.492212,44.229824],[-76.492191,44.229824],[-76.492184,44.229908]]]}},{"type":"Feature","id":618,"properties":{"name":null,"levels":3,"height":12.6},"geometry":{"type":"Polygon","coordinates":[[[-76.495836,44.230315],[-76.495749,44.230315],[-76.49575,44.230147],[-76.495758,44.230147],[-76.495757,44.230119],[-76.495743,44.230119],[-76.495742,44.230047],[-76.495773,44.230048],[-76.495772,44.230043],[-76.495776,44.230043],[-76.495777,44.230024],[-76.495761,44.230024],[-76.495761,44.229973],[-76.495963,44.229973],[-76.495963,44.230042],[-76.495868,44.230042],[-76.495868,44.230063],[-76.495997,44.230063],[-76.495998,44.230097],[-76.495984,44.230097],[-76.495984,44.230132],[-76.495875,44.230132],[-76.495875,44.230147],[-76.495977,44.230147],[-76.495976,44.230178],[-76.495927,44.230179],[-76.495928,44.230191],[-76.495869,44.230191],[-76.495869,44.230201],[-76.495947,44.230201],[-76.495947,44.230204],[-76.495957,44.230205],[-76.496019,44.230205],[-76.496019,44.23025],[-76.495987,44.230249],[-76.495986,44.23027],[-76.495954,44.230271],[-76.495954,44.230249],[-76.495913,44.23025],[-76.495913,44.230241],[-76.495888,44.23024],[-76.495888,44.230275],[-76.495989,44.230275],[-76.495988,44.230308],[-76.495836,44.230308],[-76.495836,44.230315]]]}},{"type":"Feature","id":619,"properties":{"name":null,"levels":3,"height":12.6},"geometry":{"type":"Polygon","coordinates":[[[-76.487236,44.229798],[-76.487165,44.229789],[-76.487179,44.229744],[-76.487152,44.229744],[-76.487139,44.229788],[-76.487089,44.229784],[-76.487103,44.22974],[-76.487081,44.229738],[-76.48707,44.229781],[-76.487017,44.229775],[-76.487032,44.229736],[-76.487,44.229734],[-76.487025,44.229643],[-76.487273,44.22965],[-76.487236,44.229798]]]}},{"type":"Feature","id":620,"properties":{"name":null,"levels":3,"height":12.6},"geometry":{"type":"Polygon","coordinates":[[[-76.49863,44.230051],[-76.498612,44.229876],[-76.498733,44.229869],[-76.498735,44.229886],[-76.498797,44.229882],[-76.498806,44.229966],[-76.498746,44.229969],[-76.498747,44.229981],[-76.49883,44.229976],[-76.498835,44.230024],[-76.498746,44.230029],[-76.498748,44.230044],[-76.49863,44.230051]]]}},{"type":"Feature","id":621,"properties":{"name":null,"levels":3,"height":12.6},"geometry":{"type":"Polygon","coordinates":[[[-76.490007,44.229629],[-76.489934,44.229618],[-76.489934,44.229616],[-76.489963,44.22951],[-76.489969,44.229512],[-76.490012,44.229406],[-76.490057,44.229417],[-76.490052,44.229434],[-76.49012,44.229449],[-76.490083,44.229546],[-76.490035,44.229535],[-76.490028,44.229563],[-76.490076,44.22957],[-76.49006,44.229627],[-76.490009,44.22962],[-76.490007,44.229629]]]}},{"type":"Feature","id":622,"properties":{"name":null,"levels":3,"height":12.6},"geometry":{"type":"Polygon","coordinates":[[[-76.501757,44.230052],[-76.501753,44.230013],[-76.501729,44.230013],[-76.501726,44.229968],[-76.501902,44.229963],[-76.501913,44.229963],[-76.501915,44.229965],[-76.501919,44.230047],[-76.501757,44.230052]]]}},{"type":"Feature","id":623,"properties":{"name":null,"levels":3,"height":12.6},"geometry":{"type":"Polygon","coordinates":[[[-76.49626,44.230093],[-76.496256,44.229961],[-76.496291,44.22996],[-76.496291,44.229969],[-76.496342,44.229968],[-76.496343,44.230045],[-76.496318,44.230045],[-76.496318,44.230092],[-76.49626,44.230093]]]}},{"type":"Feature","id":624,"properties":{"name":null,"levels":3,"height":12.6},"geometry":{"type":"Polygon","coordinates":[[[-76.498175,44.230026],[-76.498172,44.22998],[-76.498089,44.229982],[-76.498085,44.229927],[-76.498167,44.229924],[-76.498167,44.229917],[-76.49833,44.229911],[-76.498336,44.230006],[-76.498278,44.230008],[-76.498279,44.230023],[-76.498175,44.230026]]]}},{"type":"Feature","id":625,"properties":{"name":null,"levels":3,"height":12.6},"geometry":{"type":"Polygon","coordinates":[[[-76.48912,44.229682],[-76.488917,44.229653],[-76.48896,44.229499],[-76.489162,44.229527],[-76.48912,44.229682]]]}},{"type":"Feature","id":626,"properties":{"name":null,"levels":3,"height":12.6},"geometry":{"type":"Polygon","coordinates":[[[-76.4932512,44.2299893],[-76.4931213,44.2299863],[-76.4931206,44.2299743],[-76.4931178,44.2299291],[-76.4931198,44.2298746],[-76.4931218,44.2298185],[-76.493123,44.229785],[-76.49315,44.229767],[-76.493483,44.229783],[-76.493474,44.229876],[-76.493462,44.229876],[-76.493458,44.229913],[-76.493307,44.229905],[-76.493311,44.229864],[-76.493255,44.229861],[-76.4932512,44.2299893]]]}},{"type":"Feature","id":627,"properties":{"name":null,"levels":3,"height":12.6},"geometry":{"type":"Polygon","coordinates":[[[-76.503917,44.230054],[-76.50391,44.229977],[-76.504036,44.229971],[-76.504043,44.230046],[-76.50397,44.230049],[-76.50397,44.230051],[-76.503917,44.230054]]]}},{"type":"Feature","id":628,"properties":{"name":null,"levels":3,"height":12.6},"geometry":{"type":"Polygon","coordinates":[[[-76.493621,44.229945],[-76.49351,44.229934],[-76.493515,44.229906],[-76.493513,44.229906],[-76.493534,44.229796],[-76.493657,44.229807],[-76.493636,44.229917],[-76.493627,44.229917],[-76.493621,44.229945]]]}},{"type":"Feature","id":629,"properties":{"name":null,"levels":3,"height":12.6},"geometry":{"type":"Polygon","coordinates":[[[-76.487571,44.22984],[-76.487511,44.22983],[-76.487521,44.229797],[-76.487487,44.229792],[-76.487523,44.229681],[-76.487541,44.229685],[-76.487544,44.229676],[-76.48766,44.229696],[-76.487664,44.22969],[-76.487685,44.229691],[-76.487697,44.229705],[-76.487693,44.22972],[-76.487733,44.229727],[-76.487711,44.229793],[-76.487678,44.229787],[-76.487665,44.229831],[-76.487614,44.229822],[-76.487578,44.229818],[-76.487571,44.22984]]]}},{"type":"Feature","id":630,"properties":{"name":null,"levels":3,"height":12.6},"geometry":{"type":"Polygon","coordinates":[[[-76.498634,44.229578],[-76.498628,44.229509],[-76.49862,44.229506],[-76.498618,44.229479],[-76.4986289,44.2294742],[-76.4987549,44.2294676],[-76.49876,44.229467],[-76.498767,44.229536],[-76.498745,44.229537],[-76.498748,44.229572],[-76.498634,44.229578]]]}},{"type":"Feature","id":631,"properties":{"name":null,"levels":3,"height":12.6},"geometry":{"type":"Polygon","coordinates":[[[-76.489591,44.22956],[-76.4895,44.229542],[-76.489561,44.229383],[-76.489599,44.22939],[-76.489605,44.229373],[-76.489614,44.229375],[-76.489615,44.229373],[-76.489632,44.229366],[-76.489655,44.22937],[-76.489665,44.229382],[-76.489664,44.229385],[-76.489674,44.229388],[-76.489651,44.229449],[-76.489663,44.229453],[-76.489635,44.229527],[-76.489606,44.229522],[-76.489591,44.22956]]]}},{"type":"Feature","id":632,"properties":{"name":null,"levels":3,"height":12.6},"geometry":{"type":"Polygon","coordinates":[[[-76.499454,44.229994],[-76.49945,44.22995],[-76.499424,44.229951],[-76.499417,44.229875],[-76.499503,44.22987],[-76.499516,44.229991],[-76.499454,44.229994]]]}},{"type":"Feature","id":633,"properties":{"name":null,"levels":3,"height":12.6},"geometry":{"type":"Polygon","coordinates":[[[-76.492536,44.229897],[-76.492454,44.229885],[-76.492481,44.229777],[-76.492509,44.22978],[-76.492512,44.229767],[-76.492564,44.229775],[-76.49256,44.229786],[-76.492592,44.22979],[-76.492572,44.229864],[-76.492545,44.229861],[-76.492536,44.229897]]]}},{"type":"Feature","id":634,"properties":{"name":null,"levels":3,"height":12.6},"geometry":{"type":"Polygon","coordinates":[[[-76.491994,44.229867],[-76.49193,44.229861],[-76.49194,44.229795],[-76.491927,44.229793],[-76.491937,44.229725],[-76.491999,44.22973],[-76.491991,44.229792],[-76.492005,44.229794],[-76.492005,44.229796],[-76.491994,44.229867]]]}},{"type":"Feature","id":635,"properties":{"name":null,"levels":3,"height":12.6},"geometry":{"type":"Polygon","coordinates":[[[-76.499106,44.229631],[-76.499104,44.229573],[-76.499084,44.229574],[-76.49908,44.22952],[-76.499121,44.229519],[-76.499121,44.229516],[-76.499197,44.229513],[-76.499201,44.229557],[-76.499204,44.229557],[-76.499208,44.229627],[-76.499106,44.229631]]]}},{"type":"Feature","id":636,"properties":{"name":null,"levels":3,"height":12.6},"geometry":{"type":"Polygon","coordinates":[[[-76.4905454,44.2299131],[-76.490574,44.229799],[-76.490587,44.229801],[-76.490598,44.229765],[-76.490712,44.229782],[-76.490695,44.229844],[-76.490709,44.229846],[-76.490683,44.229934],[-76.4905589,44.2299151],[-76.4905454,44.2299131]]]}},{"type":"Feature","id":637,"properties":{"name":null,"levels":3,"height":12.6},"geometry":{"type":"Polygon","coordinates":[[[-76.500473,44.229561],[-76.500459,44.229439],[-76.500516,44.229429],[-76.50058,44.229431],[-76.500595,44.229553],[-76.500473,44.229561]]]}},{"type":"Feature","id":638,"properties":{"name":null,"levels":3,"height":12.6},"geometry":{"type":"Polygon","coordinates":[[[-76.492898,44.229819],[-76.492709,44.229806],[-76.492718,44.229739],[-76.492773,44.229742],[-76.492772,44.229748],[-76.492845,44.229753],[-76.492846,44.229745],[-76.492908,44.229749],[-76.492898,44.229819]]]}},{"type":"Feature","id":639,"properties":{"name":null,"levels":3,"height":12.6},"geometry":{"type":"Polygon","coordinates":[[[-76.490901,44.229964],[-76.49078,44.229947],[-76.490787,44.229925],[-76.490812,44.229928],[-76.490816,44.229917],[-76.490763,44.229909],[-76.490775,44.229868],[-76.490816,44.229874],[-76.490816,44.229838],[-76.490765,44.229834],[-76.490776,44.229781],[-76.490815,44.229773],[-76.490894,44.229785],[-76.490901,44.229964]]]}},{"type":"Feature","id":640,"properties":{"name":null,"levels":3,"height":12.6},"geometry":{"type":"Polygon","coordinates":[[[-76.503905,44.229925],[-76.503903,44.229915],[-76.503894,44.229916],[-76.503892,44.22989],[-76.503899,44.22989],[-76.503894,44.229845],[-76.503898,44.229845],[-76.503896,44.229821],[-76.503948,44.229819],[-76.503952,44.229819],[-76.503954,44.229841],[-76.504008,44.229838],[-76.504015,44.229919],[-76.503905,44.229925]]]}},{"type":"Feature","id":641,"properties":{"name":null,"levels":3,"height":12.6},"geometry":{"type":"Polygon","coordinates":[[[-76.495237,44.229994],[-76.495139,44.229993],[-76.495141,44.229904],[-76.495239,44.229906],[-76.495237,44.229994]]]}},{"type":"Feature","id":642,"properties":{"name":null,"levels":3,"height":12.6},"geometry":{"type":"Polygon","coordinates":[[[-76.500199,44.230057],[-76.500197,44.230033],[-76.500174,44.230034],[-76.500168,44.229978],[-76.500192,44.229976],[-76.500189,44.22995],[-76.500407,44.229943],[-76.500414,44.230045],[-76.500375,44.230046],[-76.500375,44.23005],[-76.500199,44.230057]]]}},{"type":"Feature","id":643,"properties":{"name":null,"levels":3,"height":12.6},"geometry":{"type":"Polygon","coordinates":[[[-76.497957,44.23004],[-76.497955,44.230007],[-76.497952,44.230007],[-76.497946,44.229923],[-76.497982,44.229922],[-76.49798,44.229906],[-76.497983,44.229906],[-76.498053,44.229904],[-76.498061,44.230037],[-76.497957,44.23004]]]}},{"type":"Feature","id":644,"properties":{"name":null,"levels":3,"height":12.6},"geometry":{"type":"Polygon","coordinates":[[[-76.489476,44.230284],[-76.489367,44.230268],[-76.489365,44.230274],[-76.489306,44.230265],[-76.489328,44.230191],[-76.489284,44.230184],[-76.489294,44.230146],[-76.489318,44.23015],[-76.489319,44.230147],[-76.489386,44.230157],[-76.4894,44.230111],[-76.489332,44.230101],[-76.489355,44.230021],[-76.489425,44.230032],[-76.48943,44.230014],[-76.48936,44.230004],[-76.489381,44.229929],[-76.489449,44.229938],[-76.489452,44.229926],[-76.489583,44.229945],[-76.489506,44.230217],[-76.489496,44.230215],[-76.489476,44.230284]]]}},{"type":"Feature","id":645,"properties":{"name":null,"levels":3,"height":12.6},"geometry":{"type":"Polygon","coordinates":[[[-76.502782,44.229548],[-76.502777,44.229452],[-76.50293,44.229447],[-76.502932,44.229478],[-76.502968,44.229476],[-76.502972,44.229537],[-76.502934,44.229538],[-76.502936,44.229544],[-76.502782,44.229548]]]}},{"type":"Feature","id":646,"properties":{"name":null,"levels":3,"height":12.6},"geometry":{"type":"Polygon","coordinates":[[[-76.501001,44.229536],[-76.501001,44.229514],[-76.500959,44.229516],[-76.500953,44.229406],[-76.500965,44.229406],[-76.500963,44.229386],[-76.501063,44.229383],[-76.501065,44.229403],[-76.501084,44.229403],[-76.501086,44.229428],[-76.501102,44.229427],[-76.501104,44.229458],[-76.501088,44.22946],[-76.501092,44.229515],[-76.501081,44.229516],[-76.501081,44.229534],[-76.501001,44.229536]]]}},{"type":"Feature","id":647,"properties":{"name":null,"levels":3,"height":12.6},"geometry":{"type":"Polygon","coordinates":[[[-76.499292,44.229973],[-76.499291,44.22994],[-76.499277,44.22994],[-76.499275,44.229902],[-76.499289,44.229902],[-76.499287,44.229855],[-76.499367,44.229854],[-76.499374,44.22997],[-76.499292,44.229973]]]}},{"type":"Feature","id":648,"properties":{"name":null,"levels":3,"height":12.6},"geometry":{"type":"Polygon","coordinates":[[[-76.494251,44.229988],[-76.494123,44.229981],[-76.494125,44.22996],[-76.494081,44.229958],[-76.494087,44.229902],[-76.494288,44.229912],[-76.494284,44.229955],[-76.494254,44.229953],[-76.494251,44.229988]]]}},{"type":"Feature","id":649,"properties":{"name":null,"levels":3,"height":12.6},"geometry":{"type":"Polygon","coordinates":[[[-76.491513,44.229805],[-76.49143,44.2298],[-76.491438,44.22973],[-76.491418,44.229729],[-76.491425,44.229664],[-76.491533,44.229669],[-76.491534,44.229659],[-76.491634,44.229664],[-76.491634,44.229674],[-76.491732,44.22968],[-76.4917334,44.2296986],[-76.491724,44.229756],[-76.491723,44.229757],[-76.491714,44.229756],[-76.491708,44.229805],[-76.491634,44.229801],[-76.491636,44.229753],[-76.491623,44.229751],[-76.491618,44.229797],[-76.491536,44.229793],[-76.491542,44.229734],[-76.491524,44.229733],[-76.491517,44.229785],[-76.491515,44.229785],[-76.491513,44.229805]]]}},{"type":"Feature","id":650,"properties":{"name":null,"levels":3,"height":12.6},"geometry":{"type":"Polygon","coordinates":[[[-76.487331,44.229808],[-76.487267,44.229806],[-76.487269,44.229753],[-76.487278,44.229754],[-76.487279,44.229747],[-76.487285,44.229656],[-76.487465,44.229662],[-76.487463,44.229766],[-76.487438,44.229765],[-76.487436,44.229797],[-76.487366,44.229794],[-76.487367,44.229763],[-76.487334,44.229763],[-76.487331,44.229808]]]}},{"type":"Feature","id":651,"properties":{"name":null,"levels":3,"height":12.6},"geometry":{"type":"Polygon","coordinates":[[[-76.502826,44.229999],[-76.502824,44.229961],[-76.502807,44.229961],[-76.502807,44.229934],[-76.502824,44.229934],[-76.502824,44.229925],[-76.502937,44.229923],[-76.502937,44.229927],[-76.502982,44.229926],[-76.502985,44.229986],[-76.502941,44.229986],[-76.502941,44.229996],[-76.502826,44.229999]]]}},{"type":"Feature","id":652,"properties":{"name":null,"levels":3,"height":12.6},"geometry":{"type":"Polygon","coordinates":[[[-76.501311,44.230086],[-76.501305,44.230003],[-76.501464,44.229998],[-76.501469,44.23008],[-76.501311,44.230086]]]}},{"type":"Feature","id":653,"properties":{"name":null,"levels":3,"height":12.6},"geometry":{"type":"Polygon","coordinates":[[[-76.492475,44.229609],[-76.49243,44.229606],[-76.492434,44.22958],[-76.492413,44.229578],[-76.49241,44.229601],[-76.492355,44.229598],[-76.492363,44.229541],[-76.492483,44.229548],[-76.492475,44.229609]]]}},{"type":"Feature","id":654,"properties":{"name":null,"levels":3,"height":12.6},"geometry":{"type":"Polygon","coordinates":[[[-76.503894,44.229796],[-76.503886,44.229721],[-76.503921,44.229718],[-76.503919,44.229703],[-76.503973,44.2297],[-76.503975,44.2297],[-76.503977,44.229718],[-76.504008,44.229716],[-76.504016,44.229789],[-76.503894,44.229796]]]}},{"type":"Feature","id":655,"properties":{"name":null,"levels":3,"height":12.6},"geometry":{"type":"Polygon","coordinates":[[[-76.495093,44.229751],[-76.495086,44.229688],[-76.495179,44.229686],[-76.495176,44.229646],[-76.4953,44.229643],[-76.4953,44.229623],[-76.495421,44.22962],[-76.495421,44.229629],[-76.495434,44.229639],[-76.495435,44.229654],[-76.49542,44.229662],[-76.495421,44.229665],[-76.495445,44.229665],[-76.495447,44.229703],[-76.495442,44.229703],[-76.4954423,44.2297121],[-76.495443,44.229733],[-76.495433,44.229733],[-76.495428,44.229741],[-76.495414,44.229749],[-76.495398,44.22975],[-76.495383,44.229745],[-76.49529,44.229747],[-76.49529,44.229732],[-76.495274,44.229732],[-76.495257,44.229725],[-76.495258,44.229747],[-76.4952365,44.2297475],[-76.4951408,44.2297498],[-76.495093,44.229751]]]}},{"type":"Feature","id":656,"properties":{"name":null,"levels":3,"height":12.6},"geometry":{"type":"Polygon","coordinates":[[[-76.496429,44.230064],[-76.496384,44.230063],[-76.496386,44.229952],[-76.496463,44.229952],[-76.496462,44.230024],[-76.496431,44.230022],[-76.496429,44.230064]]]}},{"type":"Feature","id":657,"properties":{"name":null,"levels":3,"height":12.6},"geometry":{"type":"Polygon","coordinates":[[[-76.49462,44.230021],[-76.49456,44.230017],[-76.494566,44.229957],[-76.494582,44.229957],[-76.494589,44.229897],[-76.494673,44.229902],[-76.494665,44.229977],[-76.494625,44.229975],[-76.49462,44.230021]]]}},{"type":"Feature","id":658,"properties":{"name":null,"levels":3,"height":12.6},"geometry":{"type":"Polygon","coordinates":[[[-76.48875,44.229979],[-76.488679,44.229969],[-76.48869,44.22993],[-76.488646,44.229923],[-76.488668,44.229844],[-76.488752,44.229856],[-76.488759,44.229831],[-76.488838,44.229842],[-76.488807,44.229948],[-76.48876,44.229941],[-76.48875,44.229979]]]}},{"type":"Feature","id":659,"properties":{"name":null,"levels":3,"height":12.6},"geometry":{"type":"Polygon","coordinates":[[[-76.49062,44.229659],[-76.490397,44.229612],[-76.490396,44.229617],[-76.490353,44.229608],[-76.490341,44.22963],[-76.490223,44.229606],[-76.490238,44.229568],[-76.490182,44.229558],[-76.49016,44.229634],[-76.490143,44.229647],[-76.490103,44.229642],[-76.490157,44.229453],[-76.490197,44.229464],[-76.490198,44.229453],[-76.490255,44.22946],[-76.490239,44.229498],[-76.490285,44.229507],[-76.490295,44.229481],[-76.490353,44.229493],[-76.49035,44.229501],[-76.490381,44.229508],[-76.490386,44.229496],[-76.490427,44.229506],[-76.490426,44.229508],[-76.490661,44.229557],[-76.49062,44.229659]]]}},{"type":"Feature","id":660,"properties":{"name":null,"levels":3,"height":12.6},"geometry":{"type":"Polygon","coordinates":[[[-76.489201,44.230098],[-76.489132,44.230087],[-76.489146,44.230039],[-76.4891,44.230032],[-76.489104,44.230014],[-76.489051,44.230006],[-76.489077,44.229917],[-76.489237,44.229941],[-76.489212,44.230027],[-76.489221,44.230029],[-76.489201,44.230098]]]}},{"type":"Feature","id":661,"properties":{"name":null,"levels":3,"height":12.6},"geometry":{"type":"Polygon","coordinates":[[[-76.491158,44.22995],[-76.491158,44.229947],[-76.491146,44.229947],[-76.491144,44.229908],[-76.49115,44.229908],[-76.4911495,44.2299004],[-76.491149,44.2298868],[-76.491148,44.229871],[-76.491141,44.229871],[-76.4911366,44.2298359],[-76.4912726,44.2298297],[-76.491273,44.229844],[-76.491335,44.229843],[-76.491335,44.229849],[-76.491374,44.229852],[-76.491369,44.229917],[-76.49128,44.22992],[-76.491281,44.229946],[-76.491158,44.22995]]]}},{"type":"Feature","id":662,"properties":{"name":null,"levels":3,"height":12.6},"geometry":{"type":"Polygon","coordinates":[[[-76.497105,44.230102],[-76.497103,44.230068],[-76.49709,44.230068],[-76.497084,44.229952],[-76.497167,44.22995],[-76.497173,44.230027],[-76.497167,44.230027],[-76.49717,44.230067],[-76.497165,44.230067],[-76.497168,44.2301],[-76.497105,44.230102]]]}},{"type":"Feature","id":663,"properties":{"name":null,"levels":3,"height":12.6},"geometry":{"type":"Polygon","coordinates":[[[-76.500648,44.229549],[-76.500646,44.229528],[-76.50061,44.22953],[-76.500599,44.229378],[-76.500664,44.229376],[-76.500669,44.229444],[-76.500736,44.229441],[-76.500743,44.229524],[-76.5007,44.229525],[-76.500702,44.229548],[-76.500648,44.229549]]]}},{"type":"Feature","id":664,"properties":{"name":null,"levels":3,"height":12.6},"geometry":{"type":"Polygon","coordinates":[[[-76.492329,44.229579],[-76.492059,44.229563],[-76.492061,44.229547],[-76.492057,44.229547],[-76.492068,44.229459],[-76.492095,44.229461],[-76.492096,44.229457],[-76.492097,44.229444],[-76.492073,44.229444],[-76.49208,44.229388],[-76.492144,44.229391],[-76.492136,44.22946],[-76.49219,44.229463],[-76.492193,44.229438],[-76.492234,44.22944],[-76.492231,44.229465],[-76.492246,44.229464],[-76.492253,44.229377],[-76.492347,44.229382],[-76.492342,44.229472],[-76.492332,44.229565],[-76.492329,44.229565],[-76.492329,44.229579]]]}},{"type":"Feature","id":665,"properties":{"name":null,"levels":3,"height":12.6},"geometry":{"type":"Polygon","coordinates":[[[-76.495761,44.229604],[-76.495746,44.229589],[-76.495745,44.229573],[-76.49576,44.229561],[-76.49576,44.22955],[-76.495779,44.229549],[-76.495777,44.22953],[-76.495871,44.229527],[-76.495869,44.229518],[-76.495982,44.229515],[-76.496004,44.229515],[-76.496005,44.229517],[-76.496038,44.229516],[-76.496041,44.229559],[-76.496006,44.229561],[-76.496006,44.229563],[-76.495886,44.229566],[-76.495888,44.229601],[-76.495761,44.229604]]]}},{"type":"Feature","id":666,"properties":{"name":null,"levels":3,"height":12.6},"geometry":{"type":"Polygon","coordinates":[[[-76.49901,44.229981],[-76.499008,44.229953],[-76.498984,44.229954],[-76.498981,44.229877],[-76.499205,44.229871],[-76.499212,44.229977],[-76.499089,44.22998],[-76.499087,44.229947],[-76.499057,44.229948],[-76.499059,44.229981],[-76.49901,44.229981]]]}},{"type":"Feature","id":667,"properties":{"name":null,"levels":3,"height":12.6},"geometry":{"type":"Polygon","coordinates":[[[-76.499779,44.230018],[-76.499775,44.229976],[-76.499718,44.229978],[-76.499715,44.229941],[-76.499684,44.229943],[-76.499678,44.229853],[-76.499743,44.22985],[-76.499743,44.229853],[-76.499802,44.229851],[-76.499802,44.229848],[-76.499864,44.229846],[-76.499869,44.229846],[-76.499871,44.229848],[-76.499875,44.229936],[-76.499872,44.229936],[-76.499872,44.22994],[-76.499876,44.230015],[-76.499779,44.230018]]]}},{"type":"Feature","id":668,"properties":{"name":null,"levels":3,"height":12.6},"geometry":{"type":"Polygon","coordinates":[[[-76.492609,44.230129],[-76.492399,44.230097],[-76.492431,44.229984],[-76.492641,44.230016],[-76.492609,44.230129]]]}},{"type":"Feature","id":669,"properties":{"name":null,"levels":3,"height":12.6},"geometry":{"type":"Polygon","coordinates":[[[-76.503477,44.229841],[-76.503472,44.229714],[-76.5035192,44.2297127],[-76.503542,44.229712],[-76.503543,44.229732],[-76.503553,44.229731],[-76.503553,44.229735],[-76.503585,44.229735],[-76.5035875,44.2298213],[-76.503588,44.229838],[-76.503477,44.229841]]]}},{"type":"Feature","id":670,"properties":{"name":null,"levels":3,"height":12.6},"geometry":{"type":"Polygon","coordinates":[[[-76.488893,44.23004],[-76.488843,44.230033],[-76.488858,44.22998],[-76.488878,44.229983],[-76.488902,44.229895],[-76.488931,44.229899],[-76.488933,44.22989],[-76.489017,44.229902],[-76.489015,44.229908],[-76.489034,44.229912],[-76.488997,44.230037],[-76.488899,44.230023],[-76.488893,44.23004]]]}},{"type":"Feature","id":671,"properties":{"name":null,"levels":3,"height":12.6},"geometry":{"type":"Polygon","coordinates":[[[-76.492783,44.229992],[-76.492783,44.229977],[-76.492737,44.229977],[-76.492738,44.229909],[-76.492785,44.22991],[-76.492785,44.229901],[-76.492755,44.229901],[-76.492755,44.229861],[-76.492785,44.229861],[-76.492786,44.229844],[-76.492894,44.229844],[-76.492894,44.22999],[-76.492892,44.229993],[-76.492783,44.229992]]]}},{"type":"Feature","id":672,"properties":{"name":"MacGillivray-Brown Hall","levels":2,"height":8.4},"geometry":{"type":"Polygon","coordinates":[[[-76.4912109,44.2291586],[-76.4912099,44.2291717],[-76.4915167,44.2291832],[-76.4915144,44.2292136],[-76.4915864,44.2292163],[-76.4915779,44.229333],[-76.4910904,44.2293147],[-76.4910932,44.2292769],[-76.4911014,44.2291645],[-76.4911652,44.2291669],[-76.4911659,44.2291569],[-76.4912109,44.2291586]]]}},{"type":"Feature","id":673,"properties":{"name":"Davies Wing","levels":5,"height":21},"geometry":{"type":"Polygon","coordinates":[[[-76.4944734,44.2235451],[-76.4939567,44.2236104],[-76.4939884,44.223734],[-76.4940834,44.2237209],[-76.4941346,44.2239094],[-76.4941458,44.2239496],[-76.494154,44.223979],[-76.494233,44.2239694],[-76.494246,44.224015],[-76.4944655,44.2239881],[-76.4946137,44.2239699],[-76.4945982,44.2238952],[-76.4945497,44.2237261],[-76.4944284,44.2237414],[-76.4944235,44.2237291],[-76.494519,44.223719],[-76.4944734,44.2235451]]]}},{"type":"Feature","id":674,"properties":{"name":"Kidd Wing","levels":10,"height":42},"geometry":{"type":"Polygon","coordinates":[[[-76.4944944,44.2235423],[-76.4944734,44.2235451],[-76.4939567,44.2236104],[-76.493543,44.223663],[-76.49355,44.22369],[-76.4935204,44.2236936],[-76.4935086,44.2236503],[-76.4934842,44.2236544],[-76.4934808,44.2236249],[-76.4933347,44.2230651],[-76.4933704,44.2230599],[-76.4934898,44.2230835],[-76.493511,44.223159],[-76.493588,44.223147],[-76.493607,44.2232176],[-76.4937844,44.223194],[-76.4937819,44.2231837],[-76.4938206,44.2231783],[-76.4938232,44.2231891],[-76.4942969,44.2231261],[-76.4943155,44.2231875],[-76.494333,44.2231849],[-76.4943306,44.2231776],[-76.494398,44.223168],[-76.4944092,44.2232066],[-76.4945706,44.223183],[-76.4946401,44.2234395],[-76.4945379,44.2234541],[-76.4945459,44.2234851],[-76.4944805,44.223495],[-76.4944944,44.2235423]]]}},{"type":"Feature","id":675,"properties":{"name":"Armstrong Wing","levels":5,"height":21},"geometry":{"type":"Polygon","coordinates":[[[-76.4945706,44.223183],[-76.4945636,44.223159],[-76.4947386,44.223134],[-76.4947316,44.22311],[-76.4948186,44.223097],[-76.4948346,44.223154],[-76.4948706,44.223149],[-76.4949396,44.223393],[-76.4947706,44.223418],[-76.4947776,44.223443],[-76.4946826,44.223456],[-76.4946766,44.223434],[-76.4946401,44.2234395],[-76.4945706,44.223183]]]}},{"type":"Feature","id":676,"properties":{"name":"Connell Wing","levels":10,"height":42},"geometry":{"type":"Polygon","coordinates":[[[-76.4934808,44.2236249],[-76.4933866,44.2236375],[-76.4932178,44.2236601],[-76.4932114,44.2236361],[-76.4931132,44.2236496],[-76.493101,44.223604],[-76.493084,44.2236064],[-76.493075,44.2235728],[-76.4930937,44.2235702],[-76.4930876,44.2235476],[-76.4931678,44.2235368],[-76.4931736,44.2235588],[-76.4931888,44.2235567],[-76.4930594,44.2230797],[-76.4931687,44.2230648],[-76.493155,44.2230133],[-76.493275,44.2230343],[-76.4932798,44.2230526],[-76.4933297,44.2230459],[-76.4933347,44.2230651],[-76.4934808,44.2236249]]]}},{"type":"Feature","id":677,"properties":{"name":"Douglas Wing","levels":4,"height":16.8},"geometry":{"type":"Polygon","coordinates":[[[-76.4932278,44.2242123],[-76.4930712,44.2242329],[-76.493041,44.2241203],[-76.4931537,44.2241049],[-76.4931442,44.2240693],[-76.4932243,44.2240584],[-76.4932588,44.2240541],[-76.4932448,44.2240013],[-76.4932985,44.2239937],[-76.493296,44.2239845],[-76.4933041,44.2239834],[-76.4932376,44.2237342],[-76.4932178,44.2236601],[-76.4933866,44.2236375],[-76.4934808,44.2236249],[-76.4934842,44.2236544],[-76.4935358,44.223855],[-76.4935513,44.223856],[-76.4935821,44.2239686],[-76.4936125,44.2240776],[-76.4936317,44.224146],[-76.4935265,44.2241603],[-76.4935421,44.2242186],[-76.4933722,44.2242428],[-76.4933656,44.2242184],[-76.4932344,44.2242379],[-76.4932278,44.2242123]]]}},{"type":"Feature","id":678,"properties":{"name":"Dietary Wing","levels":3,"height":12.6},"geometry":{"type":"Polygon","coordinates":[[[-76.4932243,44.2240584],[-76.4931442,44.2240693],[-76.4931537,44.2241049],[-76.493041,44.2241203],[-76.4929823,44.2241284],[-76.4929614,44.2240497],[-76.4929016,44.2238254],[-76.4928657,44.2238303],[-76.4928281,44.2236891],[-76.4927703,44.223697],[-76.4927647,44.223676],[-76.4927439,44.2236788],[-76.4927217,44.2236819],[-76.4927167,44.2236628],[-76.4927136,44.2236513],[-76.4927246,44.2236498],[-76.4928061,44.2236098],[-76.4928,44.223587],[-76.4928881,44.2235749],[-76.4929849,44.2235617],[-76.4930876,44.2235476],[-76.4930937,44.2235702],[-76.493075,44.2235728],[-76.493084,44.2236064],[-76.493101,44.223604],[-76.4931132,44.2236496],[-76.4932114,44.2236361],[-76.4932178,44.2236601],[-76.4932376,44.2237342],[-76.4931414,44.2237474],[-76.4932243,44.2240584]]]}},{"type":"Feature","id":679,"properties":{"name":"Victory Wing","levels":4,"height":16.8},"geometry":{"type":"Polygon","coordinates":[[[-76.4927167,44.2236628],[-76.4927136,44.2236513],[-76.4927246,44.2236498],[-76.4926268,44.2232782],[-76.4924253,44.2233063],[-76.4924457,44.2233839],[-76.4924693,44.2234736],[-76.4924465,44.2234767],[-76.4924747,44.2235842],[-76.4924886,44.2235823],[-76.4925166,44.2236883],[-76.492557,44.2236828],[-76.4927167,44.2236628]]]}},{"type":"Feature","id":680,"properties":{"name":null,"levels":3,"height":12.6},"geometry":{"type":"Polygon","coordinates":[[[-76.5025174,44.2224364],[-76.5024353,44.2224367],[-76.5024343,44.2223666],[-76.5025155,44.2223666],[-76.5025174,44.2224364]]]}},{"type":"Feature","id":681,"properties":{"name":null,"levels":3,"height":12.6},"geometry":{"type":"Polygon","coordinates":[[[-76.4924465,44.2234767],[-76.4923668,44.2234867],[-76.4923442,44.2234898],[-76.4923208,44.2234028],[-76.4924457,44.2233839],[-76.4924693,44.2234736],[-76.4924465,44.2234767]]]}},{"type":"Feature","id":682,"properties":{"name":null,"levels":3,"height":12.6},"geometry":{"type":"Polygon","coordinates":[[[-76.4938143,44.2242404],[-76.4937807,44.2242452],[-76.4937561,44.2242487],[-76.4937396,44.2241904],[-76.4936562,44.2242025],[-76.493578,44.2242135],[-76.4935421,44.2242186],[-76.4935265,44.2241603],[-76.4936317,44.224146],[-76.4936125,44.2240776],[-76.4936286,44.2240749],[-76.4936738,44.2240699],[-76.4936934,44.2241371],[-76.4937373,44.2241309],[-76.4937824,44.2241245],[-76.493796,44.2241732],[-76.4938143,44.2242404]]]}},{"type":"Feature","id":683,"properties":{"name":"Adelaide Hall","levels":4,"height":16.8},"geometry":{"type":"Polygon","coordinates":[[[-76.495912,44.224494],[-76.49582,44.224493],[-76.495819,44.22438],[-76.495813,44.22438],[-76.495812,44.224351],[-76.495803,44.224345],[-76.495829,44.224319],[-76.49582,44.224309],[-76.4958294,44.2242981],[-76.495838,44.224288],[-76.495852,44.224289],[-76.495878,44.224259],[-76.495885,44.224265],[-76.495921,44.22425],[-76.495926,44.224255],[-76.496157,44.224163],[-76.4962,44.224144],[-76.496205,44.224143],[-76.496209,44.224128],[-76.49624,44.224124],[-76.496251,44.224134],[-76.496422,44.224133],[-76.496421,44.224245],[-76.496371,44.224245],[-76.496371,44.224229],[-76.496261,44.224228],[-76.495986,44.224337],[-76.495951,44.224379],[-76.4959541,44.2244834],[-76.495912,44.224494]]]}},{"type":"Feature","id":684,"properties":{"name":null,"levels":3,"height":12.6},"geometry":{"type":"Polygon","coordinates":[[[-76.5040485,44.2252988],[-76.5039774,44.2253008],[-76.5039755,44.2252643],[-76.5040466,44.2252623],[-76.5040485,44.2252988]]]}},{"type":"Feature","id":685,"properties":{"name":null,"levels":3,"height":12.6},"geometry":{"type":"Polygon","coordinates":[[[-76.5019147,44.2286163],[-76.5015956,44.2286239],[-76.5015924,44.228556],[-76.5017431,44.2285524],[-76.5017417,44.2285216],[-76.5019101,44.2285175],[-76.5019147,44.2286163]]]}},{"type":"Feature","id":686,"properties":{"name":null,"levels":3,"height":12.6},"geometry":{"type":"Polygon","coordinates":[[[-76.502985,44.227314],[-76.502926,44.227314],[-76.502926,44.227398],[-76.503025,44.227398],[-76.503025,44.227344],[-76.502985,44.227344],[-76.502985,44.227314]]]}},{"type":"Feature","id":687,"properties":{"name":null,"levels":3,"height":12.6},"geometry":{"type":"Polygon","coordinates":[[[-76.4898428,44.2290765],[-76.4898492,44.2290779],[-76.4898623,44.2290463],[-76.489866,44.229039],[-76.48986,44.229038],[-76.489874,44.229005],[-76.489857,44.229002],[-76.489882,44.228941],[-76.489836,44.228931],[-76.48985,44.228897],[-76.489862,44.2289],[-76.489871,44.228879],[-76.489907,44.228887],[-76.489897,44.228914],[-76.489973,44.22893],[-76.489956,44.228972],[-76.490056,44.228994],[-76.490026,44.229069],[-76.490009,44.22907],[-76.489966,44.229178],[-76.489917,44.229168],[-76.489908,44.229187],[-76.489866,44.229178],[-76.48987,44.229164],[-76.489811,44.229153],[-76.4898428,44.2290765]]]}},{"type":"Feature","id":688,"properties":{"name":null,"levels":3,"height":12.6},"geometry":{"type":"Polygon","coordinates":[[[-76.4898074,44.2290689],[-76.4897926,44.2291087],[-76.4896512,44.2290818],[-76.4896285,44.2290731],[-76.4895896,44.2290656],[-76.4896294,44.2289584],[-76.4896508,44.2289625],[-76.4896689,44.2289137],[-76.4897938,44.2289375],[-76.4897793,44.2289767],[-76.4898291,44.2289862],[-76.4898108,44.2290356],[-76.489799,44.2290673],[-76.4898074,44.2290689]]]}},{"type":"Feature","id":689,"properties":{"name":null,"levels":5,"height":21},"geometry":{"type":"Polygon","coordinates":[[[-76.493056,44.2273496],[-76.4930069,44.2273466],[-76.4930088,44.227329],[-76.4930253,44.2273296],[-76.493021,44.226936],[-76.4930961,44.226935],[-76.4930943,44.2268907],[-76.493151,44.22689],[-76.4931513,44.226911],[-76.493252,44.22691],[-76.49326,44.227232],[-76.493301,44.227266],[-76.493232,44.227319],[-76.49319,44.227287],[-76.4931078,44.2272866],[-76.493059,44.227324],[-76.493056,44.2273496]]]}},{"type":"Feature","id":690,"properties":{"name":null,"levels":4,"height":16.8},"geometry":{"type":"Polygon","coordinates":[[[-76.4967145,44.2272144],[-76.4967223,44.2272192],[-76.4967144,44.2272257],[-76.4962985,44.2272244],[-76.4962547,44.2272243],[-76.4962472,44.2272162],[-76.4962548,44.2272126],[-76.496255,44.2271812],[-76.4962551,44.2271452],[-76.496209,44.2271451],[-76.4962092,44.2271186],[-76.4962473,44.2271187],[-76.4962554,44.2271108],[-76.4963001,44.227111],[-76.4967151,44.2271123],[-76.496723,44.2271191],[-76.496715,44.2271238],[-76.4967146,44.2271964],[-76.4967145,44.2272144]]]}},{"type":"Feature","id":691,"properties":{"name":null,"levels":5,"height":21},"geometry":{"type":"Polygon","coordinates":[[[-76.4968469,44.2270184],[-76.4967443,44.2270181],[-76.4967311,44.2270181],[-76.4967216,44.2270234],[-76.496712,44.227018],[-76.4967133,44.2267948],[-76.4967229,44.2267895],[-76.4967323,44.2267948],[-76.4968481,44.2267951],[-76.4968576,44.2267897],[-76.4968672,44.2267951],[-76.4968659,44.2270185],[-76.4968563,44.2270238],[-76.4968469,44.2270184]]]}},{"type":"Feature","id":692,"properties":{"name":null,"levels":5,"height":21},"geometry":{"type":"Polygon","coordinates":[[[-76.4970161,44.2267733],[-76.4970159,44.2267957],[-76.4970065,44.2267903],[-76.4969969,44.2267956],[-76.4969967,44.2270203],[-76.4970063,44.2270257],[-76.4970157,44.2270204],[-76.4971156,44.2270204],[-76.4971316,44.2270204],[-76.497141,44.2270258],[-76.4971506,44.2270204],[-76.4971508,44.2267975],[-76.4971508,44.2267956],[-76.4971412,44.2267903],[-76.4971318,44.2267956],[-76.497132,44.2267734],[-76.4971414,44.2267788],[-76.497151,44.2267734],[-76.4971512,44.2266056],[-76.4971512,44.2265486],[-76.4971416,44.2265432],[-76.4971322,44.2265486],[-76.4971128,44.2265486],[-76.4970163,44.2265486],[-76.4970069,44.2265432],[-76.4969973,44.2265485],[-76.4969971,44.2267732],[-76.4970067,44.2267786],[-76.4970161,44.2267733]]]}},{"type":"Feature","id":693,"properties":{"name":null,"levels":5,"height":21},"geometry":{"type":"Polygon","coordinates":[[[-76.4968236,44.2261939],[-76.4968234,44.2262163],[-76.496814,44.2262109],[-76.4968044,44.2262163],[-76.4968042,44.226441],[-76.4968138,44.2264463],[-76.4968232,44.226441],[-76.496837,44.226441],[-76.4969391,44.2264411],[-76.4969485,44.2264464],[-76.4969581,44.2264411],[-76.4969583,44.2262163],[-76.4969487,44.2262109],[-76.4969393,44.2262162],[-76.4969395,44.226194],[-76.4969489,44.2261994],[-76.4969585,44.226194],[-76.4969587,44.2259692],[-76.4969491,44.2259639],[-76.4969397,44.2259692],[-76.4968411,44.2259692],[-76.4968238,44.2259692],[-76.4968144,44.2259638],[-76.4968048,44.2259692],[-76.4968046,44.2261939],[-76.4968142,44.2261992],[-76.4968236,44.2261939]]]}},{"type":"Feature","id":694,"properties":{"name":null,"levels":3,"height":12.6},"geometry":{"type":"Polygon","coordinates":[[[-76.4970682,44.2261936],[-76.497068,44.226216],[-76.4970586,44.2262106],[-76.497049,44.226216],[-76.4970488,44.2264407],[-76.4970584,44.226446],[-76.4970678,44.2264407],[-76.4971143,44.2264407],[-76.4971837,44.2264408],[-76.4971931,44.2264461],[-76.4972027,44.2264408],[-76.4972029,44.226216],[-76.4971933,44.2262106],[-76.4971839,44.2262159],[-76.4971841,44.2261937],[-76.4971935,44.2261991],[-76.4972031,44.2261937],[-76.4972033,44.2259689],[-76.4971937,44.2259636],[-76.4971843,44.2259689],[-76.4971642,44.2259689],[-76.4970684,44.2259689],[-76.497059,44.2259635],[-76.4970494,44.2259689],[-76.4970492,44.2261936],[-76.4970588,44.2261989],[-76.4970682,44.2261936]]]}},{"type":"Feature","id":695,"properties":{"name":null,"levels":5,"height":21},"geometry":{"type":"Polygon","coordinates":[[[-76.4963835,44.2267685],[-76.4963839,44.2266854],[-76.4963765,44.2266787],[-76.496384,44.2266718],[-76.4966975,44.2266725],[-76.496705,44.2266794],[-76.4966975,44.2266861],[-76.4966975,44.226694],[-76.4966973,44.2267692],[-76.4967047,44.2267759],[-76.4966972,44.2267828],[-76.4963835,44.2267821],[-76.496376,44.2267752],[-76.4963835,44.2267685]]]}},{"type":"Feature","id":696,"properties":{"name":"Emergency Department","levels":3,"height":12.6},"geometry":{"type":"Polygon","coordinates":[[[-76.4930594,44.2230797],[-76.4931888,44.2235567],[-76.4931736,44.2235588],[-76.4931678,44.2235368],[-76.4930876,44.2235476],[-76.4929849,44.2235617],[-76.49296,44.223466],[-76.492862,44.223479],[-76.4928387,44.223389],[-76.492798,44.223232],[-76.4928654,44.2232224],[-76.49291,44.223216],[-76.4928808,44.2230996],[-76.4928792,44.2230934],[-76.4930567,44.2230698],[-76.4930594,44.2230797]]]}},{"type":"Feature","id":697,"properties":{"name":"Nickle Wing","levels":4,"height":16.8},"geometry":{"type":"Polygon","coordinates":[[[-76.4930712,44.2242329],[-76.4932278,44.2242123],[-76.4932344,44.2242379],[-76.4932653,44.224357],[-76.4930539,44.2243851],[-76.4930445,44.2243452],[-76.4930164,44.2242405],[-76.4930712,44.2242329]]]}},{"type":"Feature","id":698,"properties":{"name":"Angada Building","levels":5,"height":21},"geometry":{"type":"Polygon","coordinates":[[[-76.4923744,44.224388],[-76.4923795,44.2244067],[-76.492347,44.2244112],[-76.4923091,44.2244164],[-76.492351,44.2245725],[-76.4923235,44.2245763],[-76.4923286,44.2245953],[-76.4921872,44.2246148],[-76.4921812,44.2245927],[-76.4921581,44.2245959],[-76.4920938,44.2243569],[-76.4921968,44.2243427],[-76.4922001,44.2243552],[-76.492345,44.2243354],[-76.49236,44.2243334],[-76.4923744,44.224388]]]}},{"type":"Feature","id":699,"properties":{"name":"Doran Building","levels":3,"height":12.6},"geometry":{"type":"Polygon","coordinates":[[[-76.4923255,44.2242611],[-76.492345,44.2243354],[-76.4922001,44.2243552],[-76.4921968,44.2243427],[-76.4921843,44.2242954],[-76.4921705,44.2242973],[-76.492149,44.2242161],[-76.4921634,44.2242141],[-76.4921457,44.2241472],[-76.4922999,44.2241262],[-76.4923144,44.2241807],[-76.4923514,44.2241757],[-76.4923724,44.2242548],[-76.4923255,44.2242611]]]}},{"type":"Feature","id":700,"properties":{"name":"Empire Wing","levels":3,"height":12.6},"geometry":{"type":"Polygon","coordinates":[[[-76.492557,44.2236828],[-76.4926188,44.2239273],[-76.4926593,44.2240717],[-76.4926622,44.2240808],[-76.4927198,44.2240728],[-76.4928212,44.2240588],[-76.4927217,44.2236819],[-76.4927167,44.2236628],[-76.492557,44.2236828]]]}},{"type":"Feature","id":701,"properties":{"name":null,"levels":3,"height":12.6},"geometry":{"type":"Polygon","coordinates":[[[-76.4926212,44.2242709],[-76.4926164,44.2242525],[-76.4925943,44.2242555],[-76.4925858,44.2242231],[-76.4925865,44.2242039],[-76.4925988,44.2241847],[-76.4926173,44.2241719],[-76.4926451,44.2241637],[-76.4926747,44.2241641],[-76.4926982,44.224171],[-76.492719,44.2241852],[-76.4927302,44.2242037],[-76.4927367,44.2242254],[-76.4927383,44.2242346],[-76.4927156,44.2242377],[-76.4927208,44.2242574],[-76.4926212,44.2242709]]]}},{"type":"Feature","id":702,"properties":{"name":"Watkins Wing","levels":3,"height":12.6},"geometry":{"type":"Polygon","coordinates":[[[-76.4926212,44.2242709],[-76.492655,44.2244003],[-76.4924535,44.2244275],[-76.4924407,44.224379],[-76.4923744,44.224388],[-76.49236,44.2243334],[-76.492345,44.2243354],[-76.4923255,44.2242611],[-76.4923724,44.2242548],[-76.4924393,44.2242458],[-76.4924519,44.224294],[-76.4926212,44.2242709]]]}},{"type":"Feature","id":703,"properties":{"name":null,"levels":6,"height":25.2},"geometry":{"type":"Polygon","coordinates":[[[-76.4929849,44.2243534],[-76.492988,44.2243643],[-76.4928883,44.2243777],[-76.4928811,44.2243502],[-76.4928178,44.2243587],[-76.4927497,44.224368],[-76.4927568,44.2243948],[-76.4926571,44.2244082],[-76.492655,44.2244003],[-76.4926212,44.2242709],[-76.4927208,44.2242574],[-76.4927242,44.2242704],[-76.4927714,44.2242639],[-76.4927682,44.2242524],[-76.4928009,44.2242479],[-76.49288,44.224237],[-76.4929512,44.224228],[-76.4929849,44.2243534]]]}},{"type":"Feature","id":704,"properties":{"name":null,"levels":3,"height":12.6},"geometry":{"type":"Polygon","coordinates":[[[-76.4927682,44.2242524],[-76.4927601,44.2242222],[-76.4927367,44.2242254],[-76.4927302,44.2242037],[-76.4927541,44.2242002],[-76.4927198,44.2240728],[-76.4928212,44.2240588],[-76.492827,44.224058],[-76.4928296,44.2240678],[-76.4928418,44.2241132],[-76.4927849,44.224121],[-76.492783,44.2241142],[-76.4927691,44.2241161],[-76.4927793,44.2241539],[-76.4927758,44.2241544],[-76.4928009,44.2242479],[-76.4927682,44.2242524]]]}},{"type":"Feature","id":705,"properties":{"name":null,"levels":3,"height":12.6},"geometry":{"type":"Polygon","coordinates":[[[-76.4907473,44.2238465],[-76.4907488,44.2238561],[-76.490762,44.223855],[-76.490848,44.223849],[-76.490859,44.223849],[-76.490859,44.223855],[-76.490928,44.223851],[-76.490932,44.223887],[-76.490898,44.223889],[-76.490903,44.22393],[-76.490873,44.223931],[-76.490873,44.223939],[-76.490774,44.223944],[-76.490776,44.223959],[-76.490624,44.223967],[-76.49062,44.223934],[-76.490615,44.223934],[-76.49061,44.223886],[-76.490616,44.223886],[-76.4906127,44.2238559],[-76.4907473,44.2238465]]]}},{"type":"Feature","id":706,"properties":{"name":null,"levels":2,"height":8.4},"geometry":{"type":"Polygon","coordinates":[[[-76.4906578,44.2242721],[-76.49081,44.224264],[-76.490912,44.224259],[-76.490917,44.224307],[-76.490842,44.224311],[-76.490844,44.224333],[-76.490918,44.22433],[-76.490923,44.224381],[-76.490708,44.224391],[-76.490708,44.224396],[-76.49065,44.224399],[-76.490647,44.224363],[-76.490674,44.224362],[-76.490673,44.224336],[-76.490644,44.224336],[-76.49064,44.224302],[-76.49066,44.2243],[-76.4906578,44.2242721]]]}},{"type":"Feature","id":707,"properties":{"name":"Earl Hall","levels":4,"height":16.8},"geometry":{"type":"Polygon","coordinates":[[[-76.4913594,44.2263916],[-76.4913923,44.2263137],[-76.4915014,44.2263226],[-76.4915235,44.2265699],[-76.4914164,44.2265895],[-76.4913699,44.2265153],[-76.4912579,44.2265198],[-76.4912885,44.2268594],[-76.4912653,44.226861],[-76.491169,44.2268659],[-76.49117,44.226882],[-76.491047,44.226888],[-76.4910456,44.226874],[-76.490946,44.22688],[-76.490939,44.226793],[-76.490922,44.226795],[-76.490919,44.22676],[-76.490935,44.226758],[-76.49093,44.226709],[-76.490915,44.226709],[-76.490912,44.226673],[-76.490927,44.226672],[-76.490923,44.226624],[-76.490908,44.226626],[-76.490899,44.226514],[-76.490878,44.226515],[-76.490876,44.226481],[-76.490867,44.226452],[-76.49087,44.226423],[-76.490867,44.226389],[-76.49089,44.226388],[-76.4908876,44.226367],[-76.490903,44.226366],[-76.490901,44.226335],[-76.490886,44.226335],[-76.490884,44.226312],[-76.490899,44.226311],[-76.490896,44.226279],[-76.490879,44.226279],[-76.490877,44.226256],[-76.490894,44.226255],[-76.490892,44.226222],[-76.490877,44.226224],[-76.490875,44.226198],[-76.490891,44.226198],[-76.490889,44.226167],[-76.49087,44.226168],[-76.490868,44.226144],[-76.490886,44.226143],[-76.4908845,44.2261257],[-76.491221,44.2261111],[-76.4912219,44.2261212],[-76.4912468,44.2263968],[-76.4913594,44.2263916]]]}},{"type":"Feature","id":708,"properties":{"name":"Queen's Centre","levels":3,"height":12.6},"geometry":{"type":"Polygon","coordinates":[[[-76.494591,44.229278],[-76.494581,44.229278],[-76.494583,44.229255],[-76.49462,44.2289457],[-76.4949738,44.2289665],[-76.495019,44.228969],[-76.494991,44.229234],[-76.494986,44.2292766],[-76.494591,44.229278]]]}},{"type":"Feature","id":709,"properties":{"name":null,"levels":1,"height":4.2},"geometry":{"type":"Polygon","coordinates":[[[-76.4961836,44.2272854],[-76.4958783,44.2272846],[-76.4958779,44.2272698],[-76.4958632,44.2272695],[-76.4958628,44.2272418],[-76.4958539,44.2272418],[-76.4958439,44.2272048],[-76.4958439,44.2271628],[-76.4958519,44.2271208],[-76.4958613,44.2271206],[-76.4958609,44.2270918],[-76.4958701,44.2270918],[-76.4959239,44.2270918],[-76.4961306,44.2271172],[-76.4961839,44.2271238],[-76.4961835,44.2271452],[-76.4961836,44.2272854]]]}},{"type":"Feature","id":710,"properties":{"name":null,"levels":3,"height":12.6},"geometry":{"type":"Polygon","coordinates":[[[-76.4937352,44.2300795],[-76.4936237,44.2300655],[-76.4936843,44.229818],[-76.4937958,44.2298321],[-76.4937352,44.2300795]]]}},{"type":"Feature","id":711,"properties":{"name":null,"levels":3,"height":12.6},"geometry":{"type":"Polygon","coordinates":[[[-76.496489,44.2258334],[-76.4965756,44.2258339],[-76.4965757,44.2258282],[-76.4965816,44.2258283],[-76.4966242,44.2258285],[-76.4966235,44.2258939],[-76.4965749,44.2258937],[-76.4965751,44.2258765],[-76.4964886,44.225876],[-76.496489,44.2258334]]]}},{"type":"Feature","id":712,"properties":{"name":null,"levels":3,"height":12.6},"geometry":{"type":"Polygon","coordinates":[[[-76.4878954,44.2274736],[-76.48786,44.227512],[-76.487787,44.227477],[-76.487762,44.227504],[-76.48786,44.22755],[-76.487835,44.22758],[-76.487781,44.227555],[-76.487779,44.227558],[-76.487733,44.227537],[-76.487715,44.227556],[-76.487761,44.227576],[-76.487805,44.227598],[-76.487775,44.227632],[-76.487683,44.22759],[-76.487671,44.227602],[-76.48767,44.227604],[-76.48778,44.227657],[-76.487734,44.227707],[-76.487507,44.227599],[-76.4877015,44.2273862],[-76.4878954,44.2274736]]]}},{"type":"Feature","id":713,"properties":{"name":null,"levels":3,"height":12.6},"geometry":{"type":"Polygon","coordinates":[[[-76.4889167,44.229339],[-76.488782,44.2293115],[-76.488759,44.229356],[-76.488751,44.229354],[-76.48871,44.229344],[-76.4887266,44.2292967],[-76.4887671,44.2291959],[-76.4889584,44.2292369],[-76.4889167,44.229339]]]}},{"type":"Feature","id":714,"properties":{"name":null,"levels":3,"height":12.6},"geometry":{"type":"Polygon","coordinates":[[[-76.4928832,44.2294711],[-76.4928865,44.2294341],[-76.492794,44.2294299],[-76.4927907,44.2294669],[-76.4928832,44.2294711]]]}},{"type":"Feature","id":715,"properties":{"name":null,"levels":3,"height":12.6},"geometry":{"type":"Polygon","coordinates":[[[-76.4911469,44.2279864],[-76.4910031,44.227979],[-76.4910081,44.2279221],[-76.4911539,44.2279287],[-76.4911534,44.2279343],[-76.4912824,44.2279402],[-76.4912778,44.2279921],[-76.4911469,44.2279864]]]}},{"type":"Feature","id":716,"properties":{"name":null,"levels":3,"height":12.6},"geometry":{"type":"Polygon","coordinates":[[[-76.4911658,44.228098],[-76.4911651,44.228125],[-76.4912026,44.2281255],[-76.4912016,44.2281631],[-76.4910201,44.2281604],[-76.4910203,44.2281562],[-76.4909992,44.2281559],[-76.4909999,44.2281313],[-76.4910139,44.2281315],[-76.4910157,44.2280952],[-76.4911658,44.228098]]]}},{"type":"Feature","id":717,"properties":{"name":null,"levels":3,"height":12.6},"geometry":{"type":"Polygon","coordinates":[[[-76.4985919,44.2294761],[-76.4985852,44.2294111],[-76.4987483,44.2294026],[-76.4987549,44.2294676],[-76.4986289,44.2294742],[-76.4985919,44.2294761]]]}},{"type":"Feature","id":718,"properties":{"name":null,"levels":3.5,"height":14.7},"geometry":{"type":"Polygon","coordinates":[[[-76.4951427,44.2283858],[-76.4951615,44.2282277],[-76.4948216,44.2282056],[-76.494709,44.2281988],[-76.494726,44.228071],[-76.494832,44.228076],[-76.49483,44.228094],[-76.4948883,44.2280972],[-76.4949438,44.2281003],[-76.4949947,44.2281032],[-76.4951748,44.2281136],[-76.495177,44.228095],[-76.495309,44.228102],[-76.4952784,44.2283641],[-76.4952722,44.2284176],[-76.4952646,44.2284873],[-76.4951317,44.2284791],[-76.4951427,44.2283858]]]}},{"type":"Feature","id":719,"properties":{"name":null,"levels":6,"height":25.2},"geometry":{"type":"Polygon","coordinates":[[[-76.4951427,44.2283858],[-76.4951317,44.2284791],[-76.4951302,44.2284916],[-76.4950664,44.2284877],[-76.4946464,44.2284621],[-76.4946727,44.228241],[-76.4946508,44.2282396],[-76.4946561,44.2281955],[-76.494709,44.2281988],[-76.4948216,44.2282056],[-76.4948027,44.2283651],[-76.4951427,44.2283858]]]}},{"type":"Feature","id":720,"properties":{"name":null,"levels":2,"height":8.4},"geometry":{"type":"Polygon","coordinates":[[[-76.4948216,44.2282056],[-76.4951615,44.2282277],[-76.4951427,44.2283858],[-76.4948027,44.2283651],[-76.4948216,44.2282056]]]}},{"type":"Feature","id":721,"properties":{"name":null,"levels":3,"height":12.6},"geometry":{"type":"Polygon","coordinates":[[[-76.4905398,44.2299127],[-76.4905314,44.2299114],[-76.490367,44.229887],[-76.490391,44.229803],[-76.490474,44.229816],[-76.490484,44.229779],[-76.490507,44.229782],[-76.490514,44.229757],[-76.490578,44.229766],[-76.4905398,44.2299127]]]}},{"type":"Feature","id":722,"properties":{"name":null,"levels":2.5,"height":10.5},"geometry":{"type":"Polygon","coordinates":[[[-76.4974067,44.2281528],[-76.4974023,44.2281175],[-76.4973947,44.228118],[-76.4973888,44.2280696],[-76.4973957,44.2280691],[-76.4973876,44.2280032],[-76.4973822,44.2280036],[-76.4973765,44.2279571],[-76.497381,44.2279568],[-76.4973762,44.2279177],[-76.4973989,44.2279163],[-76.4973984,44.2279123],[-76.4974708,44.2279077],[-76.4974713,44.2279118],[-76.4974836,44.227911],[-76.4974813,44.2278923],[-76.4975141,44.2278902],[-76.497547,44.2278881],[-76.4975493,44.2279065],[-76.4975648,44.2279055],[-76.4975643,44.2279013],[-76.4976308,44.2278971],[-76.4976314,44.2279014],[-76.4976538,44.2279],[-76.4976585,44.2279383],[-76.4976628,44.2279381],[-76.4976687,44.2279855],[-76.4976621,44.2279859],[-76.49767,44.2280497],[-76.4976811,44.2281406],[-76.497662,44.2281418],[-76.497667,44.2281821],[-76.4976862,44.2281809],[-76.497715,44.2284157],[-76.4974414,44.2284329],[-76.4974126,44.2281976],[-76.4974273,44.2281967],[-76.4974224,44.2281572],[-76.4974073,44.2281581],[-76.4974067,44.2281528]]]}},{"type":"Feature","id":723,"properties":{"name":null,"levels":3,"height":12.6},"geometry":{"type":"Polygon","coordinates":[[[-76.4977827,44.2270013],[-76.4977626,44.227005],[-76.4977435,44.2270086],[-76.4977216,44.2269477],[-76.4977607,44.2269404],[-76.4977827,44.2270013]]]}},{"type":"Feature","id":724,"properties":{"name":null,"levels":3,"height":12.6},"geometry":{"type":"Polygon","coordinates":[[[-76.4976512,44.226627],[-76.4976121,44.2266343],[-76.4976019,44.2266061],[-76.4975744,44.2265297],[-76.4976136,44.2265225],[-76.4976512,44.226627]]]}},{"type":"Feature","id":725,"properties":{"name":null,"levels":3,"height":12.6},"geometry":{"type":"Polygon","coordinates":[[[-76.4985649,44.2262581],[-76.49856,44.2262441],[-76.4985551,44.2262301],[-76.4986403,44.2262148],[-76.4986501,44.2262428],[-76.4985649,44.2262581]]]}},{"type":"Feature","id":726,"properties":{"name":null,"levels":3,"height":12.6},"geometry":{"type":"Polygon","coordinates":[[[-76.4987252,44.2267193],[-76.4987203,44.2267053],[-76.4987155,44.2266914],[-76.4988006,44.2266761],[-76.4988104,44.226704],[-76.4987252,44.2267193]]]}},{"type":"Feature","id":727,"properties":{"name":null,"levels":3,"height":12.6},"geometry":{"type":"Polygon","coordinates":[[[-76.4987015,44.2273245],[-76.4987604,44.2273141],[-76.4987697,44.2273408],[-76.4987786,44.2273667],[-76.4987441,44.2273728],[-76.4987197,44.2273771],[-76.4987015,44.2273245]]]}},{"type":"Feature","id":728,"properties":{"name":null,"levels":3,"height":12.6},"geometry":{"type":"Polygon","coordinates":[[[-76.4980946,44.2274379],[-76.4981126,44.2274883],[-76.4980934,44.2274918],[-76.498054,44.227499],[-76.4980448,44.2274734],[-76.498036,44.2274486],[-76.4980946,44.2274379]]]}},{"type":"Feature","id":729,"properties":{"name":null,"levels":3,"height":12.6},"geometry":{"type":"Polygon","coordinates":[[[-76.4984128,44.2230848],[-76.4985009,44.223076],[-76.4984939,44.22304],[-76.4984058,44.2230488],[-76.4984128,44.2230848]]]}},{"type":"Feature","id":730,"properties":{"name":null,"levels":3,"height":12.6},"geometry":{"type":"Polygon","coordinates":[[[-76.4911366,44.2298359],[-76.4911292,44.2297527],[-76.4911383,44.2297523],[-76.4912605,44.2297467],[-76.4912616,44.2297593],[-76.4913681,44.2297544],[-76.4913739,44.229819],[-76.4912721,44.2298237],[-76.4912726,44.2298297],[-76.4911366,44.2298359]]]}},{"type":"Feature","id":731,"properties":{"name":null,"levels":3,"height":12.6},"geometry":{"type":"Polygon","coordinates":[[[-76.4911383,44.2297523],[-76.4911376,44.2297436],[-76.4911306,44.229653],[-76.4911298,44.2296429],[-76.4913186,44.2296525],[-76.4913191,44.2296571],[-76.4913283,44.2296573],[-76.4913969,44.2296586],[-76.4913937,44.229742],[-76.4912605,44.2297467],[-76.4911383,44.2297523]]]}},{"type":"Feature","id":732,"properties":{"name":"FryWay","levels":3,"height":12.6},"geometry":{"type":"Polygon","coordinates":[[[-76.4923283,44.2247897],[-76.4922445,44.224787],[-76.4922458,44.2247659],[-76.4923296,44.2247686],[-76.4923283,44.2247897]]]}},{"type":"Feature","id":733,"properties":{"name":null,"levels":3,"height":12.6},"geometry":{"type":"Polygon","coordinates":[[[-76.4954258,44.2294139],[-76.4952017,44.2294202],[-76.4952046,44.2293863],[-76.4952566,44.2293842],[-76.4952571,44.2293742],[-76.4953132,44.2293725],[-76.495312,44.2293537],[-76.4954241,44.2293491],[-76.4954253,44.2293579],[-76.4954346,44.2293575],[-76.4954381,44.2293951],[-76.4954282,44.2293955],[-76.4954258,44.2294139]]]}},{"type":"Feature","id":734,"properties":{"name":null,"levels":3,"height":12.6},"geometry":{"type":"Polygon","coordinates":[[[-76.4954337,44.2294826],[-76.4952634,44.229486],[-76.4952634,44.2294428],[-76.4953197,44.2294408],[-76.4953191,44.2294211],[-76.4954297,44.2294197],[-76.4954337,44.2294826]]]}},{"type":"Feature","id":735,"properties":{"name":null,"levels":3,"height":12.6},"geometry":{"type":"Polygon","coordinates":[[[-76.4954398,44.2295523],[-76.4951682,44.2295586],[-76.4951655,44.2294942],[-76.4952339,44.2294937],[-76.4952352,44.2295052],[-76.4953237,44.2295033],[-76.4953237,44.2294884],[-76.4954377,44.2294865],[-76.4954398,44.2295523]]]}},{"type":"Feature","id":736,"properties":{"name":null,"levels":3,"height":12.6},"geometry":{"type":"Polygon","coordinates":[[[-76.4951729,44.2295855],[-76.4953211,44.2295778],[-76.4953197,44.2295586],[-76.4954418,44.2295566],[-76.4954471,44.2295999],[-76.495425,44.2296008],[-76.4954243,44.2296177],[-76.4951762,44.2296239],[-76.4951729,44.2295855]]]}},{"type":"Feature","id":737,"properties":{"name":null,"levels":3,"height":12.6},"geometry":{"type":"Polygon","coordinates":[[[-76.5032305,44.2263683],[-76.5032331,44.2264365],[-76.5031554,44.2264413],[-76.50315,44.2263712],[-76.5032305,44.2263683]]]}},{"type":"Feature","id":738,"properties":{"name":null,"levels":3,"height":12.6},"geometry":{"type":"Polygon","coordinates":[[[-76.5030803,44.2263567],[-76.5030856,44.2264231],[-76.5030011,44.2264259],[-76.5029944,44.2263596],[-76.5030803,44.2263567]]]}},{"type":"Feature","id":739,"properties":{"name":null,"levels":3,"height":12.6},"geometry":{"type":"Polygon","coordinates":[[[-76.5030834,44.2294167],[-76.5032135,44.2294138],[-76.5032175,44.2295147],[-76.5031116,44.2295147],[-76.5031129,44.2294955],[-76.5030807,44.2294955],[-76.5030834,44.2294167]]]}},{"type":"Feature","id":740,"properties":{"name":null,"levels":3,"height":12.6},"geometry":{"type":"Polygon","coordinates":[[[-76.4893028,44.2258631],[-76.4893365,44.2258448],[-76.4893596,44.2258667],[-76.4893259,44.225885],[-76.4893028,44.2258631]]]}},{"type":"Feature","id":741,"properties":{"name":null,"levels":3,"height":12.6},"geometry":{"type":"Polygon","coordinates":[[[-76.5011562,44.2269373],[-76.5011274,44.2268586],[-76.5012136,44.2268432],[-76.5012416,44.2269213],[-76.5011562,44.2269373]]]}},{"type":"Feature","id":742,"properties":{"name":null,"levels":3,"height":12.6},"geometry":{"type":"Polygon","coordinates":[[[-76.5007842,44.2274406],[-76.5008958,44.227435],[-76.5008888,44.2273645],[-76.5008779,44.2273649],[-76.5008694,44.2272865],[-76.5007688,44.2272915],[-76.5007842,44.2274406]]]}},{"type":"Feature","id":743,"properties":{"name":null,"levels":3,"height":12.6},"geometry":{"type":"Polygon","coordinates":[[[-76.5016919,44.2256286],[-76.5015848,44.2256343],[-76.5015808,44.2256096],[-76.5015334,44.2256114],[-76.5015334,44.225605],[-76.5014378,44.2256103],[-76.5014318,44.2255646],[-76.5015795,44.2255556],[-76.5015833,44.2255553],[-76.5015843,44.22556],[-76.5016875,44.2255557],[-76.5016919,44.2256286]]]}},{"type":"Feature","id":744,"properties":{"name":null,"levels":3,"height":12.6},"geometry":{"type":"Polygon","coordinates":[[[-76.5016743,44.2254727],[-76.5015672,44.2254784],[-76.5015683,44.2255032],[-76.5015211,44.2255064],[-76.5015224,44.2255128],[-76.5014267,44.2255176],[-76.5014318,44.2255646],[-76.5015795,44.2255556],[-76.501582,44.2255519],[-76.5016849,44.2255452],[-76.5016743,44.2254727]]]}},{"type":"Feature","id":745,"properties":{"name":null,"levels":3,"height":12.6},"geometry":{"type":"Polygon","coordinates":[[[-76.5017139,44.2254436],[-76.5015116,44.2254616],[-76.501495,44.2253715],[-76.5016974,44.2253545],[-76.5017139,44.2254436]]]}},{"type":"Feature","id":746,"properties":{"name":null,"levels":3,"height":12.6},"geometry":{"type":"Polygon","coordinates":[[[-76.503021,44.2252306],[-76.5029336,44.2252325],[-76.5029257,44.2251364],[-76.5028317,44.2251369],[-76.5028258,44.2251002],[-76.5028002,44.2251011],[-76.5027943,44.2250597],[-76.5028252,44.2250606],[-76.5028186,44.2250145],[-76.5029848,44.2250089],[-76.5029934,44.2251186],[-76.503015,44.2251171],[-76.503021,44.2252306]]]}},{"type":"Feature","id":747,"properties":{"name":null,"levels":3,"height":12.6},"geometry":{"type":"Polygon","coordinates":[[[-76.5030269,44.2253568],[-76.5029093,44.2253587],[-76.5029014,44.2252358],[-76.5030216,44.2252344],[-76.5030269,44.2253568]]]}},{"type":"Feature","id":748,"properties":{"name":null,"levels":5,"height":21},"geometry":{"type":"Polygon","coordinates":[[[-76.5000539,44.223887],[-76.5000503,44.2238573],[-76.5000146,44.2238599],[-76.4999968,44.2238613],[-76.4999995,44.2238897],[-76.5000539,44.223887]]]}},{"type":"Feature","id":749,"properties":{"name":null,"levels":5,"height":21},"geometry":{"type":"Polygon","coordinates":[[[-76.5000146,44.2238599],[-76.5000115,44.2238381],[-76.4999691,44.2238395],[-76.4999728,44.2238619],[-76.5000146,44.2238599]]]}},{"type":"Feature","id":750,"properties":{"name":null,"levels":10,"height":42},"geometry":{"type":"Polygon","coordinates":[[[-76.4999635,44.2236061],[-76.4999497,44.2234812],[-76.5002993,44.223464],[-76.5003095,44.2235889],[-76.4999635,44.2236061]]]}}]}